id,label,tipo,x_cartesiano,y_cartesiano,z_cartesiano,latitude,longitude
1,SVC,equipamento,1.1863093376159668,-0.7354621887207031,-0.17000001668930054,-3.1232056179155303,-41.76452632739855
2,TPC9,equipamento,43.185569763183594,166.58834838867188,2.6603615283966064,-3.1216999866790065,-41.76414848213214
3,TPC8,equipamento,50.98405456542969,166.60171508789062,2.6603615283966064,-3.121699866401326,-41.76407832326416
4,TPC7,equipamento,58.29837417602539,166.61428833007812,2.6603615283966064,-3.1216997532634156,-41.76401252017587
5,TPC6,equipamento,43.76810073852539,-146.71356201171875,0.912790060043335,-3.1245191738654188,-41.764143241407204
6,TPC5,equipamento,51.384971618652344,-146.70046997070312,0.912790060043335,-3.124519056059197,-41.7640747164242
7,TPC4,equipamento,58.853302001953125,-146.68768310546875,0.912790060043335,-3.1245189409990415,-41.76400752778195
8,TPC3,equipamento,72.04637145996094,-146.6650390625,0.912790060043335,-3.1245187372409613,-41.76388883667183
9,TPC2,equipamento,79.62799835205078,-146.65203857421875,0.912790060043335,-3.1245186202585593,-41.76382062876046
10,TPC1,equipamento,87.17407989501953,-146.63909912109375,0.912790060043335,-3.124518503825371,-41.76375274063191
11,TC9,equipamento,71.75701141357422,18.235519409179688,6.68056058883667,-3.1230349111740168,-41.76389143989205
12,TC8,equipamento,79.4284896850586,18.248687744140625,6.68056058883667,-3.123034792681279,-41.763822423635055
13,TC7,equipamento,86.81294250488281,18.2613525390625,6.68056058883667,-3.123034678719549,-41.763755989595154
14,TC6,equipamento,43.67547607421875,-17.51519203186035,6.68056058883667,-3.1233566070981524,-41.764144074702614
15,TC5,equipamento,51.12446975708008,-17.502410888671875,6.68056058883667,-3.1233564920894854,-41.764077060022494
16,TC4,equipamento,58.55341339111328,-17.489662170410156,6.68056058883667,-3.1233563773725876,-41.76401022572213
17,TC3,equipamento,71.8182601928711,-17.466901779174805,6.68056058883667,-3.12335617256757,-41.763890888868985
18,TC2,equipamento,79.48973846435547,-17.453739166259766,6.68056058883667,-3.1233560541263206,-41.763821872611985
19,TC15,equipamento,43.570213317871094,43.83934783935547,6.68056058883667,-3.12280452003168,-41.764145021696294
20,TC14,equipamento,51.01920700073242,43.85212707519531,6.68056058883667,-3.1228044050401755,-41.764078007016174
21,TC13,equipamento,58.44813537597656,43.86487579345703,6.68056058883667,-3.122804290323278,-41.76401117285308
22,TC12,equipamento,43.614227294921875,18.187232971191406,6.68056058883667,-3.1230353456702735,-41.76414462572568
23,TC11,equipamento,51.06321334838867,18.200016021728516,6.68056058883667,-3.1230352306444433,-41.7640776111142
24,TC10,equipamento,58.492156982421875,18.21276092529297,6.68056058883667,-3.1230351159618714,-41.764010776813834
25,TC1,equipamento,86.87420654296875,-17.44106674194336,6.68056058883667,-3.1233559400959394,-41.763755438434806
26,SECV9,equipamento,71.50696563720703,1.9031238555908203,2.6603615283966064,-3.12318187510478,-41.763893689422446
27,SECV8,equipamento,79.11603546142578,1.9161796569824219,2.6603615283966064,-3.123181757624654,-41.76382523462144
28,SECV7,equipamento,86.64043426513672,1.9290904998779297,2.6603615283966064,-3.123181641448909,-41.76375754156109
29,SECV6,equipamento,43.63932418823242,-63.63078689575195,2.6603615283966064,-3.123771569439007,-41.764144399942126
30,SECV5,equipamento,51.248382568359375,-63.617740631103516,2.6603615283966064,-3.1237714520446955,-41.76407594524407
31,SECV4,equipamento,58.85746383666992,-63.604679107666016,2.6603615283966064,-3.1237713345130804,-41.76400749034011
32,SECV3,equipamento,71.61933135986328,-63.58278274536133,2.6603615283966064,-3.1237711374828616,-41.763892678527114
33,SECV2,equipamento,79.2284164428711,-63.56972122192383,2.6603615283966064,-3.1237710199512465,-41.763824223588834
34,SECV15,equipamento,43.37459182739258,90.65055847167969,2.6603615283966064,-3.1223832983256696,-41.764146781600004
35,SECV14,equipamento,50.98365020751953,90.66361999511719,2.6603615283966064,-3.1223831807940545,-41.76407832690195
36,SECV13,equipamento,58.59272384643555,90.67666625976562,2.6603615283966064,-3.122383063399743,-41.76400987206663
37,SECV12,equipamento,43.52695083618164,1.8551101684570312,2.6603615283966064,-3.1231823071467404,-41.764145410906096
38,SECV11,equipamento,51.136024475097656,1.8681678771972656,2.6603615283966064,-3.123182189649451,-41.764076956070774
39,SECV10,equipamento,58.74509048461914,1.8812236785888672,2.6603615283966064,-3.123182072169325,-41.76400850130408
40,SECV1,equipamento,86.75279998779297,-63.55680465698242,2.6603615283966064,-3.123770903724013,-41.76375653066576
41,SECH9,equipamento,71.6035385131836,-10.895325660705566,2.6603615283966064,-3.1232970394995205,-41.763892820607055
42,SECH8,equipamento,79.18032836914062,-10.88232421875,2.6603615283966064,-3.1232969225085374,-41.76382465621195
43,SECH7,equipamento,86.85742950439453,-10.86915111541748,2.6603615283966064,-3.123296803972892,-41.763755589369005
44,SECH6,equipamento,43.75393295288086,-82.76679992675781,1.5444133281707764,-3.1239437611842384,-41.76414336886732
45,SECH5,equipamento,51.2734260559082,-82.75389099121094,1.5444133281707764,-3.123943645025656,-41.76407571994098
46,SECH4,equipamento,58.881202697753906,-82.7408447265625,1.5444133281707764,-3.1239435276313445,-41.76400727677406
47,SECH3,equipamento,71.72676849365234,-82.71878051757812,1.5444133281707764,-3.123943329090789,-41.7638917119717
48,SECH24,equipamento,43.42551803588867,108.62818145751953,2.6603615283966064,-3.1222215301312177,-41.764146323443676
49,SECH23,equipamento,50.945011138916016,108.6410903930664,2.6603615283966064,-3.1222214139726354,-41.76407867451734
50,SECH22,equipamento,58.55279541015625,108.6541519165039,2.6603615283966064,-3.1222212964410208,-41.76401023128178
51,SECH21,equipamento,43.550594329833984,35.73613739013672,2.6603615283966064,-3.122877435217668,-41.764145198198015
52,SECH20,equipamento,51.0700798034668,35.74903869628906,2.6603615283966064,-3.1228773191277375,-41.764077549340314
53,SECH2,equipamento,79.30357360839844,-82.70579528808594,1.5444133281707764,-3.1239432122456905,-41.76382354743932
54,SECH19,equipamento,58.67787170410156,35.76209259033203,2.6603615283966064,-3.122877201664774,-41.76400910603611
55,SECH18,equipamento,43.5692253112793,24.87554931640625,2.6603615283966064,-3.1229751621376707,-41.76414503058487
56,SECH17,equipamento,51.08871078491211,24.888446807861328,2.6603615283966064,-3.122975046082066,-41.76407738172717
57,SECH16,equipamento,58.696502685546875,24.901500701904297,2.6603615283966064,-3.1229749286191026,-41.76400893842297
58,SECH15,equipamento,71.54206085205078,24.92354965209961,2.6603615283966064,-3.1229747302158506,-41.76389337368925
59,SECH14,equipamento,79.11888122558594,24.93655014038086,2.6603615283966064,-3.1229746132334486,-41.7638252090196
60,SECH13,equipamento,86.79595184326172,24.949718475341797,2.6603615283966064,-3.1229744947407108,-41.7637561424512
61,SECH12,equipamento,43.63068771362305,-10.94332504272461,2.6603615283966064,-3.123297471412759,-41.764144477639945
62,SECH11,equipamento,51.15017318725586,-10.930421829223633,2.6603615283966064,-3.1232973553056658,-41.76407682878225
63,SECH10,equipamento,58.757965087890625,-10.917367935180664,2.6603615283966064,-3.1232972378427024,-41.76400838547805
64,SECH1,equipamento,86.98067474365234,-82.692626953125,1.5444133281707764,-3.1239430937529526,-41.763754480596376
65,REATOR9,equipamento,48.038917541503906,135.0950469970703,2.6603615283966064,-3.121983373114881,-41.76410481911366
66,REATOR8,equipamento,57.924774169921875,135.1119842529297,2.6603615283966064,-3.1219832207082305,-41.764015881258715
67,REATOR7,equipamento,40.049163818359375,-106.37725067138672,1.3271758556365967,-3.1241562152995663,-41.764176698727574
68,REATOR6,equipamento,50.42438507080078,-106.35945892333984,1.3271758556365967,-3.124156055203932,-41.76408335831638
69,REATOR5,equipamento,60.4701042175293,-106.34220123291016,1.3271758556365967,-3.1241558999139123,-41.763992982262394
70,REATOR4,equipamento,70.55978393554688,-106.32491302490234,1.3271758556365967,-3.1241557443492867,-41.76390221071827
71,REATOR3,equipamento,80.30122375488281,-106.3082046508789,1.3271758556365967,-3.1241555940021857,-41.76381457210544
72,REATOR2,equipamento,90.52080535888672,-106.29064178466797,1.3271758556365967,-3.1241554359661006,-41.76372263190233
73,REATOR11,equipamento,27.776094436645508,135.0602264404297,2.6603615283966064,-3.121983686440985,-41.76428711308066
74,REATOR10,equipamento,38.092830657958984,135.0779266357422,2.6603615283966064,-3.1219835271691707,-41.76419429882854
75,REATOR1,equipamento,100.96312713623047,-106.27274322509766,1.3271758556365967,-3.124155274909343,-41.76362868782299
76,PR9,equipamento,80.18009185791016,-96.32151794433594,1.5444133281707764,-3.1240657307161244,-41.763815661865436
77,PR8,equipamento,90.44113159179688,-96.30390930175781,1.5444133281707764,-3.1240655722681296,-41.76372334868533
78,PR7,equipamento,100.7092056274414,-96.28628540039062,1.5444133281707764,-3.1240654136828314,-41.763630972221314
79,PR6,equipamento,43.71978759765625,-152.70614624023438,0.9896577596664429,-3.124573096985929,-41.764143676055134
80,PR5,equipamento,51.37610626220703,-152.69302368164062,0.9896577596664429,-3.1245729789051007,-41.76407479618115
81,PR4,equipamento,58.93207550048828,-152.6800537109375,0.9896577596664429,-3.1245728621973052,-41.7640068190982
82,PR3,equipamento,72.02548217773438,-152.65756225585938,0.9896577596664429,-3.1245726598122583,-41.763889024601724
83,PR20,equipamento,43.27516555786133,172.86734008789062,2.6603615283966064,-3.1216434863757705,-41.76414767608588
84,PR2,equipamento,79.50816345214844,-152.64471435546875,0.9896577596664429,-3.124572544202889,-41.763821706852056
85,PR19,equipamento,50.804725646972656,172.8802490234375,2.6603615283966064,-3.121643370217188,-41.76407993659216
86,PR18,equipamento,58.408203125,172.89334106445312,2.6603615283966064,-3.1216432524109665,-41.76401153210255
87,PR17,equipamento,27.94761848449707,124.66851806640625,2.6603615283966064,-3.1220771942368857,-41.764285569968976
88,PR16,equipamento,37.43778991699219,124.684814453125,2.6603615283966064,-3.122077047596974,-41.76420019188572
89,PR15,equipamento,47.94452667236328,124.70281982421875,2.6603615283966064,-3.122076885579093,-41.76410566829868
90,PR14,equipamento,58.14978790283203,124.72036743164062,2.6603615283966064,-3.1220767276803114,-41.76401385692846
91,PR13,equipamento,39.84074020385742,-96.39071655273438,1.5444133281707764,-3.124066353386538,-41.76417857380526
92,PR12,equipamento,50.10271453857422,-96.37310791015625,1.5444133281707764,-3.124066194938543,-41.76408625221705
93,PR11,equipamento,61.27461242675781,-96.35395812988281,1.5444133281707764,-3.124066022622916,-41.76398574452498
94,PR10,equipamento,70.28124237060547,-96.3385009765625,1.5444133281707764,-3.1240658835346844,-41.7639047166103
95,PR1,equipamento,87.21436309814453,-152.63153076171875,0.9896577596664429,-3.1245724255728478,-41.76375237822511
96,IP9,equipamento,71.7050552368164,-70.0582504272461,2.6603615283966064,-3.1238294057375664,-41.76389190731446
97,IP8,equipamento,79.28190612792969,-70.04524993896484,2.6603615283966064,-3.123829288755165,-41.763823742370256
98,IP7,equipamento,86.95896911621094,-70.03207397460938,2.6603615283966064,-3.1238291701937753,-41.7637546758705
99,IP6,equipamento,43.76482009887695,-89.10884094238281,1.5444133281707764,-3.1240008288246623,-41.764143270921394
100,IP5,equipamento,51.2843132019043,-89.09593200683594,1.5444133281707764,-3.1240007126660805,-41.764075621995055
101,IP4,equipamento,58.89209747314453,-89.0828628540039,1.5444133281707764,-3.1240005950658136,-41.76400717875949
102,IP3,equipamento,71.73766326904297,-89.06083679199219,1.5444133281707764,-3.124000396868517,-41.763891613957135
103,IP2,equipamento,79.314453125,-89.0478515625,1.5444133281707764,-3.1240002800234183,-41.76382344956203
104,IP18,equipamento,43.41213607788086,116.45606994628906,2.6603615283966064,-3.1221510923771167,-41.764146443834115
105,IP17,equipamento,50.93157196044922,116.46897888183594,2.6603615283966064,-3.1221509762185344,-41.76407879542256
106,IP16,equipamento,58.53935241699219,116.48204040527344,2.6603615283966064,-3.1221508586869193,-41.76401035222132
107,IP15,equipamento,43.44517135620117,97.20210266113281,2.6603615283966064,-3.122324345511094,-41.76414614663309
108,IP14,equipamento,50.96461486816406,97.21501159667969,2.6603615283966064,-3.1223242293525115,-41.76407849815289
109,IP13,equipamento,58.5723876953125,97.22805786132812,2.6603615283966064,-3.1223241119582,-41.764010055020286
110,IP12,equipamento,43.73225021362305,-70.10624694824219,2.6603615283966064,-3.1238298376250606,-41.76414356393553
111,IP11,equipamento,51.25169372558594,-70.09333801269531,2.6603615283966064,-3.1238297214664787,-41.76407591545534
112,IP10,equipamento,58.859474182128906,-70.08029174804688,2.6603615283966064,-3.1238296040721667,-41.76400747225409
113,IP1,equipamento,86.99153900146484,-89.03466796875,1.5444133281707764,-3.124000161393377,-41.76375438285636
114,DISJUNTOR9,equipamento,43.49232482910156,9.662643432617188,2.657207727432251,-3.1231120525552263,-41.76414572241808
115,DISJUNTOR8,equipamento,51.275630950927734,9.67599868774414,2.657207727432251,-3.1231119323805228,-41.764075700104705
116,DISJUNTOR7,equipamento,58.51145553588867,9.68841552734375,2.657207727432251,-3.1231118206499717,-41.76401060319489
117,DISJUNTOR6,equipamento,43.55175018310547,-24.973657608032227,2.657207727432251,-3.1234237206709863,-41.76414518779941
118,DISJUNTOR5,equipamento,51.33506393432617,-24.960298538208008,2.657207727432251,-3.123423600461957,-41.764075165417395
119,DISJUNTOR4,equipamento,58.57088851928711,-24.94788932800293,2.657207727432251,-3.1234234888000576,-41.76401006850759
120,DISJUNTOR3,equipamento,71.81703186035156,-24.92515754699707,2.657207727432251,-3.1234232842524836,-41.763890899919645
121,DISJUNTOR2,equipamento,79.41900634765625,-24.912111282348633,2.657207727432251,-3.123423166858172,-41.763822508951655
122,DISJUNTOR10,equipamento,58.47866439819336,52.32096862792969,2.657207727432251,-3.1227281997927876,-41.76401089819952
123,DISJUNTOR1,equipamento,86.7071533203125,-24.899606704711914,2.657207727432251,-3.1234230543381267,-41.76375694132483
124,BUSIP9,equipamento,46.56532287597656,-43.36442184448242,2.6603615283966064,-3.12358920643779,-41.76411807627017
125,BUSIP8,equipamento,51.17009353637695,-43.35651779174805,2.6603615283966064,-3.1235891353146865,-41.76407664956934
126,BUSIP7,equipamento,56.24594497680664,-43.34779739379883,2.6603615283966064,-3.1235890568458573,-41.76403098480238
127,BUSIP6,equipamento,60.39168167114258,-43.340694427490234,2.6603615283966064,-3.123588992931176,-41.76399368778882
128,BUSIP5,equipamento,65.14486694335938,-43.3325309753418,2.6603615283966064,-3.1235889194739173,-41.76395092587975
129,BUSIP47,equipamento,25.84930419921875,78.83546447753906,0.2743861675262451,-3.1224896141842358,-41.76430444739948
130,BUSIP46,equipamento,36.64482116699219,78.85400390625,2.6603615283966064,-3.12248944736074,-41.76420732580869
131,BUSIP45,equipamento,41.81755828857422,78.86286926269531,2.6603615283966064,-3.122489367587529,-41.764160789412195
132,BUSIP44,equipamento,46.516510009765625,78.87092590332031,2.6603615283966064,-3.122489295091393,-41.76411851541387
133,BUSIP43,equipamento,50.949615478515625,78.8785400390625,2.6603615283966064,-3.122489226577052,-41.76407863309452
134,BUSIP42,equipamento,55.54179382324219,78.88641357421875,2.6603615283966064,-3.1224891557285552,-41.76403731968013
135,BUSIP41,equipamento,60.058345794677734,78.8941650390625,2.6603615283966064,-3.1224890859784846,-41.76399668663646
136,BUSIP40,equipamento,65.11246490478516,78.90284729003906,2.6603615283966064,-3.1224890078529133,-41.763951217383855
137,BUSIP4,equipamento,74.6025619506836,-43.31630325317383,2.6603615283966064,-3.1235887734518695,-41.76386583996982
138,BUSIP39,equipamento,69.7925033569336,78.91087341308594,2.6603615283966064,-3.1224889356313836,-41.76390911353826
139,BUSIP38,equipamento,74.46476745605469,78.91888427734375,2.6603615283966064,-3.122488863547157,-41.763867079634444
140,BUSIP37,equipamento,79.05697631835938,78.92677307128906,2.6603615283966064,-3.122488792561357,-41.763825765945505
141,BUSIP36,equipamento,88.56685638427734,78.94309997558594,2.6603615283966064,-3.1224886456468384,-41.76374021055404
142,BUSIP35,equipamento,25.850997924804688,70.34656524658203,0.2743861675262451,-3.1225659999167963,-41.76430443216193
143,BUSIP34,equipamento,36.873985290527344,70.36547088623047,2.6603615283966064,-3.122565829798022,-41.76420526413955
144,BUSIP33,equipamento,41.7861442565918,70.37390899658203,2.6603615283966064,-3.1225657538693032,-41.764161072027726
145,BUSIP32,equipamento,46.370140075683594,70.38176727294922,2.6603615283966064,-3.12256568315811,-41.764119832227216
146,BUSIP31,equipamento,50.974910736083984,70.38965606689453,2.6603615283966064,-3.1225656121723095,-41.764078405526384
147,BUSIP30,equipamento,56.0507698059082,70.39836883544922,2.6603615283966064,-3.1225655337721316,-41.76403274069079
148,BUSIP3,equipamento,79.66720581054688,-43.307621002197266,2.6603615283966064,-3.1235886953262986,-41.763820276031566
149,BUSIP29,equipamento,60.19650650024414,70.4054946899414,2.6603615283966064,-3.122565469651496,-41.763995443677224
150,BUSIP28,equipamento,64.94969177246094,70.41364288330078,2.6603615283966064,-3.12256539633154,-41.76395268176815
151,BUSIP27,equipamento,74.40740203857422,70.42987823486328,2.6603615283966064,-3.122565250240841,-41.763867595720946
152,BUSIP26,equipamento,79.47201538085938,70.43854522705078,2.6603615283966064,-3.122565172252573,-41.76382203205725
153,BUSIP25,equipamento,84.09645080566406,70.44649505615234,2.6603615283966064,-3.12256510071756,-41.76378042844287
154,BUSIP24,equipamento,88.5814437866211,70.45418548583984,2.6603615283966064,-3.1225650315167024,-41.76374007931885
155,BUSIP23,equipamento,26.044483184814453,-34.91072463989258,0.2743861675262451,-3.123513137463916,-41.76430269147676
156,BUSIP22,equipamento,36.839996337890625,-34.89219665527344,2.6603615283966064,-3.123512970743398,-41.764205569920286
157,BUSIP21,equipamento,42.012733459472656,-34.88331985473633,2.6603615283966064,-3.1235128908672096,-41.76415903352379
158,BUSIP20,equipamento,46.711692810058594,-34.87525939941406,2.6603615283966064,-3.1235128183367475,-41.764116759456826
159,BUSIP2,equipamento,84.29164123535156,-43.299678802490234,2.6603615283966064,-3.123588623859937,-41.76377867241719
160,BUSIP19,equipamento,51.14479064941406,-34.867652893066406,2.6603615283966064,-3.123512749891058,-41.76407687720611
161,BUSIP18,equipamento,55.736968994140625,-34.859771728515625,2.6603615283966064,-3.1235126789739094,-41.76403556379172
162,BUSIP17,equipamento,60.25352096557617,-34.852020263671875,2.6603615283966064,-3.123512609223839,-41.763994930748055
163,BUSIP16,equipamento,65.3076400756836,-34.84334945678711,2.6603615283966064,-3.1235125312012455,-41.76394946149544
164,BUSIP15,equipamento,69.98767852783203,-34.83531951904297,2.6603615283966064,-3.1235124589453895,-41.763907357649856
165,BUSIP14,equipamento,74.65994262695312,-34.827301025390625,2.6603615283966064,-3.1235123867925116,-41.76386532374604
166,BUSIP13,equipamento,79.25215148925781,-34.819419860839844,2.6603615283966064,-3.123512315875363,-41.7638240100571
167,BUSIP12,equipamento,88.76203155517578,-34.803104400634766,2.6603615283966064,-3.123512169063822,-41.763738454665635
168,BUSIP11,equipamento,26.04617691040039,-43.39963150024414,0.2743861675262451,-3.1235895232651285,-41.764302676239204
169,BUSIP10,equipamento,37.06916046142578,-43.38071060180664,2.6603615283966064,-3.123589353009051,-41.76420350825114
170,BUSIP1,equipamento,88.77660369873047,-43.291988372802734,2.6603615283966064,-3.1235885546590794,-41.763738323567715
171,BUSCSB9,equipamento,36.957149505615234,-51.544677734375,2.6603615283966064,-3.1236628149024077,-41.76420451595482
172,BUSCSB8,equipamento,46.604976654052734,-51.52812194824219,2.6603615283966064,-3.1236626659283395,-41.76411771952598
173,BUSCSB7,equipamento,55.65260696411133,-51.512603759765625,2.6603615283966064,-3.1236625262908952,-41.76403632275255
174,BUSCSB6,equipamento,60.2238655090332,-51.50475311279297,2.6603615283966064,-3.123662455648353,-41.763995197542606
175,BUSCSB5,equipamento,65.17359161376953,-51.49626159667969,2.6603615283966064,-3.1236623792390734,-41.763950667458985
176,BUSCSB4,equipamento,74.6460952758789,-51.480003356933594,2.6603615283966064,-3.123662232942419,-41.76386544832338
177,BUSCSB3,equipamento,83.7302017211914,-51.46441650390625,2.6603615283966064,-3.12366209268711,-41.76378372339334
178,BUSCSB22,equipamento,25.684825897216797,62.141090393066406,0.2743861675262451,-3.1226398353094242,-41.7643059271243
179,BUSCSB21,equipamento,36.74458312988281,62.160072326660156,2.6603615283966064,-3.1226396645041334,-41.76420642830276
180,BUSCSB20,equipamento,41.92254638671875,62.16895294189453,2.6603615283966064,-3.1226395845936192,-41.76415984488947
181,BUSCSB2,equipamento,88.77287292480469,-51.45576477050781,2.6603615283966064,-3.1236620148361456,-41.76373835713153
182,BUSCSB19,equipamento,46.39742660522461,62.17664337158203,2.6603615283966064,-3.122639515392762,-41.764119586744656
183,BUSCSB18,equipamento,51.05908966064453,62.18463897705078,2.6603615283966064,-3.1226394434458387,-41.764077648212854
184,BUSCSB17,equipamento,55.4575080871582,62.192176818847656,2.6603615283966064,-3.1226393756180144,-41.76403807795458
185,BUSCSB16,equipamento,60.02875900268555,62.20001983642578,2.6603615283966064,-3.122639305044124,-41.76399695281327
186,BUSCSB15,equipamento,64.97848510742188,62.208518981933594,2.6603615283966064,-3.122639228566192,-41.76395242272965
187,BUSCSB14,equipamento,74.45098114013672,62.224769592285156,2.6603615283966064,-3.12263908233819,-41.763867203662684
188,BUSCSB13,equipamento,83.53508758544922,62.24034881591797,2.6603615283966064,-3.122638942151532,-41.76378547873264
189,BUSCSB12,equipamento,88.57777404785156,62.24901580810547,2.6603615283966064,-3.1226388641632643,-41.76374011233356
190,BUSCSB11,equipamento,93.20425415039062,62.256935119628906,2.6603615283966064,-3.122638792902858,-41.76369849032429
191,BUSCSB10,equipamento,25.902050018310547,-51.56365203857422,0.2743861675262451,-3.123662985639047,-41.76430397287308
192,BUSCSB1,equipamento,93.52056884765625,-51.44762420654297,2.6603615283966064,-3.123661941584841,-41.763695644607246
193,TC9.001,equipamento,-17.83230209350586,18.103397369384766,4.276561737060547,-3.1230361000488664,-41.764697427847224
194,TC8.001,equipamento,-10.160818099975586,18.116558074951172,4.276561737060547,-3.12303598162478,-41.764628411538745
195,TC7.001,equipamento,-2.776376724243164,18.129226684570312,4.276561737060547,-3.1230358676287246,-41.7645619776018
196,TC6.001,equipamento,-45.91380310058594,-17.668920516967773,3.546388626098633,-3.123357990394459,-41.764950062348916
197,TC5.001,equipamento,-38.464813232421875,-17.656137466430664,3.546388626098633,-3.1233578753686286,-41.764883047703115
198,TC4.001,equipamento,-31.035873413085938,-17.643390655517578,3.546388626098633,-3.123357760668894,-41.76481621343707
199,TC3.001,equipamento,-17.770999908447266,-17.620628356933594,4.276561737060547,-3.1233575558467135,-41.76469687634369
200,TC2.001,equipamento,-10.099519729614258,-17.607465744018555,4.276561737060547,-3.123357437405464,-41.76462786006954
201,TC12.001,equipamento,-45.97509765625,18.055103302001953,3.546388626098633,-3.1230365346137745,-41.76495061378381
202,TC11.001,equipamento,-38.52610778808594,18.067882537841797,3.546388626098633,-3.1230364196222706,-41.76488359913801
203,TC10.001,equipamento,-31.09716796875,18.08063507080078,3.546388626098633,-3.123036304871047,-41.76481676487196
204,TC1.001,equipamento,-2.715076446533203,-17.59479522705078,4.276561737060547,-3.123357323392246,-41.76456142611543
205,SECV9.002,equipamento,-18.103946685791016,1.7493572235107422,0.2563629150390625,-3.1231832587443447,-41.76469987169081
206,SECV8.002,equipamento,-10.494869232177734,1.7624149322509766,0.2563629150390625,-3.1231831412470554,-41.76463141682117
207,SECV7.002,equipamento,-2.9704675674438477,1.7753257751464844,0.2563629150390625,-3.1231830250713104,-41.76456372373508
208,SECV6.003,equipamento,-45.971588134765625,-63.7845573425293,-0.4738101363182068,-3.1237729531128977,-41.76495058221049
209,SECV5.003,equipamento,-38.36251449584961,-63.77150344848633,-0.4738101363182068,-3.1237728356499344,-41.76488212737517
210,SECV4.003,equipamento,-30.753456115722656,-63.75844192504883,-0.4738101363182068,-3.1237727181183192,-41.764813672677114
211,SECV3.003,equipamento,-17.9915771484375,-63.73654556274414,0.2563629150390625,-3.1237725210881,-41.76469886076116
212,SECV2.003,equipamento,-10.382501602172852,-63.72349166870117,0.2563629150390625,-3.1237724036251366,-41.764630405908676
213,SECV12.002,equipamento,-46.083961486816406,1.701345443725586,-0.4738101363182068,-3.123183690769142,-41.76495159317446
214,SECV11.002,equipamento,-38.47488784790039,1.7144031524658203,-0.4738101363182068,-3.1231835732718527,-41.76488313833914
215,SECV10.002,equipamento,-30.865821838378906,1.7274608612060547,-0.4738101363182068,-3.1231834557745635,-41.76481468357245
216,SECV1.003,equipamento,-2.858098030090332,-63.710575103759766,0.2563629150390625,-3.123772287397903,-41.76456271280543
217,SECH9.001,equipamento,-18.0733642578125,24.854354858398438,0.2563629150390625,-3.122975352851938,-41.76469959655679
218,SECH8.001,equipamento,-10.428369522094727,24.867469787597656,0.2563629150390625,-3.1229752348397617,-41.76463081855824
219,SECH7.001,equipamento,-3.0240697860717773,24.880172729492188,0.2563629150390625,-3.122975120534774,-41.76456420596606
220,SECH6.001,equipamento,-46.0640754699707,-11.151355743408203,-0.4738101363182068,-3.1232993433371434,-41.76495141427042
221,SECH5.001,equipamento,-38.492305755615234,-11.138362884521484,-0.4738101363182068,-3.123299226423393,-41.76488329503889
222,SECH4.001,equipamento,-31.088348388671875,-11.12565803527832,-0.4738101363182068,-3.1232991121012423,-41.76481668552684
223,SECH3.001,equipamento,-18.011661529541016,-11.103219985961914,0.2563629150390625,-3.1232989101967568,-41.764699041449774
224,SECH2.001,equipamento,-10.366670608520508,-11.09010124206543,0.2563629150390625,-3.1232987921502544,-41.76463026348555
225,SECH12.001,equipamento,-46.12576675415039,24.80621337890625,-0.4738101363182068,-3.122975786043814,-41.76495196927448
226,SECH11.001,equipamento,-38.55399703979492,24.81920623779297,-0.4738101363182068,-3.1229756691300636,-41.76488385004295
227,SECH10.001,equipamento,-31.150054931640625,24.8319091796875,-0.4738101363182068,-3.122975554825076,-41.764817240668165
228,SECH1.001,equipamento,-2.9623680114746094,-11.077396392822266,0.2563629150390625,-3.1232986778281036,-41.764563650867636
229,REATOR7.001,equipamento,-52.654052734375,-92.50752258300781,-0.36876171827316284,-3.12403141120994,-41.76501070083142
230,REATOR6.001,equipamento,-42.30008316040039,-92.490234375,-0.2758135199546814,-3.124031255645314,-41.7649175516104
231,REATOR5.001,equipamento,-32.228187561035156,-92.47296142578125,-0.1853885054588318,-3.1240311002179912,-41.764826940060644
232,REATOR4.001,equipamento,-22.21703338623047,-92.4556884765625,-0.09551924467086792,-3.1240309447906687,-41.76473687496954
233,REATOR3.001,equipamento,-12.419921875,-92.43898010253906,-0.007566928863525391,-3.1240307944435677,-41.76464873550777
234,REATOR2.001,equipamento,-2.19034481048584,-92.42141723632812,0.08426928520202637,-3.1240306364074826,-41.76455670538076
235,REATOR1.001,equipamento,7.994553565979004,-92.491943359375,0.21760082244873047,-3.124031271023282,-41.76446507720442
236,IP6.002,equipamento,-45.91269302368164,-70.27304077148438,-0.4738101363182068,-3.123831338487308,-41.76495005236214
237,IP5.002,equipamento,-38.39325714111328,-70.26014709472656,-0.4738101363182068,-3.123831222466029,-41.76488240395058
238,IP4.002,equipamento,-30.785476684570312,-70.2470932006836,-0.4738101363182068,-3.123831105003066,-41.764813960749336
239,IP3.001,equipamento,-17.93988800048828,-70.22505187988281,0.2563629150390625,-3.1238309066684655,-41.76469839574107
240,IP2.001,equipamento,-10.36305046081543,-70.21204376220703,0.2563629150390625,-3.123830789617412,-41.76463023091698
241,DISJUNTOR9.001,equipamento,-17.876419067382812,9.514598846435547,0.25320911407470703,-3.1231133847060573,-41.764697824744445
242,DISJUNTOR8.001,equipamento,-10.274442672729492,9.527645111083984,0.25320911407470703,-3.1231132673117457,-41.764629433759296
243,DISJUNTOR7.001,equipamento,-2.9863052368164062,9.540149688720703,0.25320911407470703,-3.123113154791701,-41.76456386621827
244,DISJUNTOR6.001,equipamento,-46.08233642578125,-25.127458572387695,-0.47696393728256226,-3.123425104619483,-41.764951578554644
245,DISJUNTOR5.001,equipamento,-38.29903030395508,-25.114103317260742,-0.47696393728256226,-3.12342498444478,-41.764881556241264
246,DISJUNTOR4.001,equipamento,-31.06320571899414,-25.101686477661133,-0.47696393728256226,-3.123424872714229,-41.764816459331456
247,DISJUNTOR3.001,equipamento,-17.817058563232422,-25.078962326049805,0.25320911407470703,-3.123424668235306,-41.764697290709194
248,DISJUNTOR2.001,equipamento,-10.215084075927734,-25.065916061401367,0.25320911407470703,-3.1234245508409946,-41.764628899741204
249,DISJUNTOR12.001,equipamento,-46.141693115234375,9.466094970703125,-0.47696393728256226,-3.123113821158886,-41.76495211255557
250,DISJUNTOR11.001,equipamento,-38.3583869934082,9.479454040527344,-0.47696393728256226,-3.123113700949857,-41.764882090242196
251,DISJUNTOR10.001,equipamento,-31.122554779052734,9.491870880126953,-0.47696393728256226,-3.123113589219306,-41.76481699326375
252,DISJUNTOR1.001,equipamento,-2.9269447326660156,-25.053407669067383,0.25320911407470703,-3.123424438286624,-41.764563332183016
253,BUSIP9.001,equipamento,-29.248443603515625,-43.38771438598633,-0.4738101363182068,-3.12358941603126,-41.764800132870754
254,BUSIP8.001,equipamento,-24.47629737854004,-43.379520416259766,0.0,-3.123589342299394,-41.764757200379954
255,BUSIP7.001,equipamento,-15.022945404052734,-43.36330032348633,0.2563629150390625,-3.1235891963459985,-41.76467215354201
256,BUSIP60.001,equipamento,-63.15001678466797,78.97561645507812,-0.4738101363182068,-3.12248835305353,-41.765105127502096
257,BUSIP6.001,equipamento,-9.960735321044922,-43.354610443115234,0.2563629150390625,-3.1235891181517754,-41.764626611499175
258,BUSIP59.001,equipamento,-52.98149490356445,78.62226867675781,-0.4738101363182068,-3.122491532585783,-41.76501364665648
259,BUSIP58.001,equipamento,-47.831443786621094,78.631103515625,-0.4738101363182068,-3.122491453087179,-41.76496731435404
260,BUSIP57.001,equipamento,-43.092864990234375,78.6837387084961,-0.4738101363182068,-3.122490979459485,-41.764924683851746
261,BUSIP56.001,equipamento,-38.68240737915039,78.69127655029297,-0.4738101363182068,-3.122490911631661,-41.76488500528326
262,BUSIP55.001,equipamento,-34.06587219238281,78.67697143554688,-0.4738101363182068,-3.1224910403534936,-41.76484347274317
263,BUSIP54.001,equipamento,-29.544872283935547,78.6624755859375,-0.4738101363182068,-3.122491170791618,-41.76480279968375
264,BUSIP53.001,equipamento,-24.533294677734375,78.67106628417969,0.0,-3.122491093489866,-41.764757713154694
265,BUSIP52.001,equipamento,-19.829843521118164,78.6568832397461,0.2563629150390625,-3.122491221113273,-41.76471539867731
266,BUSIP51.001,equipamento,-15.179840087890625,78.68711853027344,0.2563629150390625,-3.122490949046807,-41.764673565041
267,BUSIP50.001,equipamento,-5.912910461425781,78.72157287597656,0.2563629150390625,-3.1224906390159815,-41.76459019534691
268,BUSIP5.001,equipamento,-5.323617935180664,-43.34666061401367,0.2563629150390625,-3.1235890466167624,-41.764584893791856
269,BUSIP49.001,equipamento,3.5406012535095215,78.77485656738281,0.2563629150390625,-3.1224901595528975,-41.764505147071866
270,BUSIP48.001,equipamento,14.807259559631348,79.31040954589844,0.2563629150390625,-3.1224853404820765,-41.76440378687014
271,BUSIP46.001,equipamento,-63.11785888671875,70.63509368896484,-0.4738101363182068,-3.1225634036489134,-41.76510483819439
272,BUSIP45.001,equipamento,-52.7469367980957,70.24500274658203,-0.4738101363182068,-3.122566913807485,-41.76501153646051
273,BUSIP44.001,equipamento,-47.8271369934082,70.25342559814453,-0.4738101363182068,-3.12256683801607,-41.76496727560808
274,BUSIP43.001,equipamento,-43.245784759521484,70.26128387451172,-0.4738101363182068,-3.122566767304876,-41.76492605959052
275,BUSIP42.001,equipamento,-38.65361404418945,70.26917266845703,-0.4738101363182068,-3.122566696319076,-41.76488474624477
276,BUSIP41.001,equipamento,-33.581790924072266,70.27788543701172,-0.4738101363182068,-3.1225666179188982,-41.76483911771849
277,BUSIP40.001,equipamento,-29.443496704101562,70.28496551513672,-0.4738101363182068,-3.1225665542101724,-41.76480188766095
278,BUSIP4.001,equipamento,-0.8429403305053711,-43.33896255493164,0.2563629150390625,-3.123588977347253,-41.764544583491
279,BUSIP39.001,equipamento,-24.67134666442871,70.29317474365234,0.0,-3.122566480341003,-41.76475895513584
280,BUSIP38.001,equipamento,-15.217998504638672,70.30939483642578,0.2563629150390625,-3.1225663343876073,-41.76467390833221
281,BUSIP37.001,equipamento,-10.15578842163086,70.31807708740234,0.2563629150390625,-3.122566256262036,-41.76462836628937
282,BUSIP36.003,equipamento,-5.518669128417969,70.3260269165039,0.2563629150390625,-3.122566184727023,-41.7645866485649
283,BUSIP35.001,equipamento,-1.0379929542541504,70.33373260498047,0.2563629150390625,-3.122566115388862,-41.764546338276915
284,BUSIP34.001,equipamento,3.555335760116577,70.6619873046875,0.2563629150390625,-3.1225631616518674,-41.764505014513254
285,BUSIP33.003,equipamento,9.228334426879883,70.64502716064453,0.2563629150390625,-3.1225633142644726,-41.764453977526635
286,BUSIP32.003,equipamento,14.815140724182129,70.68132019042969,0.2563629150390625,-3.1225629876886005,-41.76440371596745
287,BUSIP31.001,equipamento,-72.64787292480469,-35.08451461791992,-0.4738101363182068,-3.1235147012797206,-41.76519057472062
288,BUSIP30.001,equipamento,-62.69165802001953,-35.06743621826172,-0.4738101363182068,-3.123514547603015,-41.76510100388926
289,BUSIP3.001,equipamento,3.8577330112457275,-43.33089828491211,0.2563629150390625,-3.123588904782465,-41.76450229400416
290,BUSIP29.001,equipamento,-52.786434173583984,-35.050437927246094,-0.4738101363182068,-3.1235143946471515,-41.765011891797634
291,BUSIP28.001,equipamento,-47.636390686035156,-35.041603088378906,-0.4738101363182068,-3.1235143151485474,-41.764965559563834
292,BUSIP27.001,equipamento,-42.89781188964844,-34.98897171020508,-0.4738101363182068,-3.1235138415551797,-41.76492292906154
293,BUSIP26.001,equipamento,-38.487361907958984,-34.98140335083008,-0.4738101363182068,-3.1235137734527485,-41.764883250561695
294,BUSIP25.001,equipamento,-33.870826721191406,-34.99573516845703,-0.4738101363182068,-3.1235139024148624,-41.76484171802161
295,BUSIP24.001,equipamento,-29.349811553955078,-35.01021957397461,-0.4738101363182068,-3.1235140327500086,-41.76480104482491
296,BUSIP23.001,equipamento,-24.338245391845703,-35.00162124633789,0.0,-3.1235139553796056,-41.76475595839881
297,BUSIP22.001,equipamento,-19.63478660583496,-35.01580047607422,0.0,-3.1235140829686867,-41.76471364385279
298,BUSIP21.001,equipamento,-14.984786987304688,-34.985572814941406,0.2563629150390625,-3.123513810970872,-41.764671810250796
299,BUSIP20.001,equipamento,-10.357154846191406,-34.9405517578125,0.2563629150390625,-3.123513405857519,-41.76463017787724
300,BUSIP2.001,equipamento,9.263699531555176,-43.32162094116211,0.2563629150390625,-3.1235888213020657,-41.76445365936538
301,BUSIP19.001,equipamento,-6.140586853027344,-34.95185470581055,0.2563629150390625,-3.12351350756493,-41.76459224363172
302,BUSIP18.001,equipamento,-0.8564848899841309,-34.942787170410156,0.2563629150390625,-3.123513425972451,-41.764544705344285
303,BUSIP17.001,equipamento,3.5133559703826904,-35.009456634521484,0.2563629150390625,-3.1235140258848446,-41.76450539218335
304,BUSIP16.001,equipamento,14.914426803588867,-35.00843048095703,0.2563629150390625,-3.1235140166511983,-41.76440282274278
305,BUSIP15.001,equipamento,-72.58775329589844,-43.46208572387695,-0.4738101363182068,-3.1235900852474883,-41.76519003385592
306,BUSIP14.001,equipamento,-62.64398193359375,-43.44501876831055,-0.4738101363182068,-3.1235899316737603,-41.76510057497257
307,BUSIP12.001,equipamento,-43.050724029541016,-43.41139602661133,-0.4738101363182068,-3.1235896291259637,-41.76492430473168
308,BUSIP11.001,equipamento,-38.458553314208984,-43.40351486206055,-0.4738101363182068,-3.1235895582088156,-41.764882991385925
309,BUSIP10.001,equipamento,-33.3867301940918,-43.39480972290039,-0.4738101363182068,-3.1235894798772894,-41.764837362859645
310,BUSIP1.001,equipamento,14.930646896362305,-43.3119010925293,0.2563629150390625,-3.123588733839871,-41.76440267681914
311,BUSCSB9.001,equipamento,-43.076637268066406,-51.6820068359375,-0.4738101363182068,-3.1236640506320046,-41.764924537859464
312,BUSCSB8.001,equipamento,-34.02900695800781,-51.66648864746094,-0.4738101363182068,-3.1236639109945603,-41.76484314108604
313,BUSCSB7.001,equipamento,-29.457748413085938,-51.65864562988281,-0.4738101363182068,-3.12366384042067,-41.764802015876086
314,BUSCSB6.001,equipamento,-24.50801658630371,-51.650146484375,0.0,-3.123663763942738,-41.764757485740994
315,BUSCSB5.001,equipamento,-15.035501480102539,-51.633888244628906,0.2563629150390625,-3.123663617646084,-41.76467226650242
316,BUSCSB4.001,equipamento,-5.951393127441406,-51.618309020996094,0.2563629150390625,-3.1236634774594267,-41.76459054155523
317,BUSCSB3.001,equipamento,-0.9087314605712891,-51.609649658203125,0.2563629150390625,-3.12366339953981,-41.76454517537921
318,BUSCSB25.001,equipamento,-63.14921569824219,61.98865509033203,-0.4738101363182068,-3.122641206969277,-41.76510512029514
319,BUSCSB24.001,equipamento,-52.89666748046875,62.006248474121094,-0.4738101363182068,-3.122641048658585,-41.765012883508746
320,BUSCSB23.001,equipamento,-47.698516845703125,62.015174865722656,-0.4738101363182068,-3.1226409683361616,-41.76496611848023
321,BUSCSB22.001,equipamento,-43.28418731689453,62.02275848388672,-0.4738101363182068,-3.122640900096427,-41.764926405078135
322,BUSCSB20.001,equipamento,-38.622520446777344,62.030738830566406,-0.4738101363182068,-3.1226408282868072,-41.764884466512015
323,BUSCSB2.001,equipamento,3.838973045349121,-51.60150909423828,0.2563629150390625,-3.123663326288506,-41.76450246277771
324,BUSCSB19.001,equipamento,-34.22410583496094,62.038307189941406,-0.4738101363182068,-3.122640760184376,-41.76484489628807
325,BUSCSB18.001,equipamento,-29.652854919433594,62.04615020751953,-0.4738101363182068,-3.1226406896104857,-41.76480377114675
326,BUSCSB17.001,equipamento,-24.703126907348633,62.05463409423828,0.0,-3.122640613269857,-41.76475924104598
327,BUSCSB16.001,equipamento,-15.230611801147461,62.070884704589844,0.2563629150390625,-3.122640467041855,-41.76467402180741
328,BUSCSB15.001,equipamento,-6.146503448486328,62.08647918701172,0.2563629150390625,-3.122640326717894,-41.764592296860215
329,BUSCSB14.003,equipamento,3.557520866394043,62.103126525878906,0.2563629150390625,-3.1226401769200063,-41.764504994855
330,BUSCSB14.001,equipamento,-0.9992246627807617,62.095314025878906,0.2563629150390625,-3.12264024721929,-41.764545989498984
331,BUSCSB13.001,equipamento,14.790851593017578,62.12238311767578,0.2563629150390625,-3.122640003643256,-41.76440393448399
332,BUSCSB12.001,equipamento,-72.74466705322266,-51.73291778564453,-0.4738101363182068,-3.123664508744427,-41.76519144552651
333,BUSCSB11.001,equipamento,-62.73223876953125,-51.715736389160156,-0.4738101363182068,-3.123664354140924,-41.76510136897292
334,BUSCSB10.001,equipamento,-52.724464416503906,-51.69856262207031,-0.4738101363182068,-3.1236641996060728,-41.76501133428831
335,BUSCSB1.001,equipamento,15.251912117004395,-51.581932067871094,0.2563629150390625,-3.1236631501283867,-41.76439978656484
336,TC6.002,equipamento,-104.6903305053711,17.95435333251953,-0.08828157186508179,-3.123037441193063,-41.76547884386627
337,TC5.002,equipamento,-97.17054748535156,17.96725845336914,-0.08828157186508179,-3.1230373250688066,-41.765411192331705
338,TC4.002,equipamento,-89.81698608398438,17.979873657226562,-0.08828157186508179,-3.123037211553313,-41.76534503620565
339,TC3.002,equipamento,-104.62903594970703,-17.769672393798828,-0.08828157186508179,-3.12335889699091,-41.765478292431375
340,TC2.002,equipamento,-97.16822814941406,-17.756868362426758,-0.08828157186508179,-3.123358781776288,-41.76541117146586
341,TC1.002,equipamento,-89.74166107177734,-17.744125366210938,-0.08828157186508179,-3.123358667110879,-41.765344358546116
342,SECV6.002,equipamento,-104.75428771972656,1.6006736755371094,-4.108479976654053,-3.123184596644751,-41.765479419255705
343,SECV5.002,equipamento,-97.14521026611328,1.613729476928711,-4.108479976654053,-3.1231844791646246,-41.765410964386064
344,SECV4.002,equipamento,-89.53614044189453,1.6267852783203125,-4.108479976654053,-3.1231843616844985,-41.765342509585054
345,SECV3.002,equipamento,-104.64192199707031,-63.88522720336914,-4.108479976654053,-3.1237738589713437,-41.76547840836037
346,SECV2.002,equipamento,-97.03284454345703,-63.87216567993164,-4.108479976654053,-3.1237737414397286,-41.765409953490725
347,SECV1.002,equipamento,-89.42375946044922,-63.8591194152832,-4.108479976654053,-3.123773624045417,-41.765341498552445
348,SECH6.002,equipamento,-104.84048461914062,24.597332000732422,-4.108479976654053,-3.1229776656228565,-41.76548019472389
349,SECH5.002,equipamento,-97.26870727539062,24.61032485961914,-4.108479976654053,-3.1229775487091063,-41.76541207542373
350,SECH4.002,equipamento,-89.86474609375,24.623023986816406,-4.108479976654053,-3.1229774344384444,-41.76534546587735
351,SECH3.002,equipamento,-104.68804931640625,-11.251948356628418,-4.108479976654053,-3.1233002485004917,-41.765478823343614
352,SECH2.002,equipamento,-97.11628723144531,-11.238956451416016,-4.108479976654053,-3.123300131595323,-41.765410704180724
353,SECH1.002,equipamento,-89.71232604980469,-11.226251602172852,-4.108479976654053,-3.123300017273172,-41.765344094634344
354,IP6.001,equipamento,-104.56295013427734,-70.37368774414062,-4.108479976654053,-3.123832244139799,-41.76547769789204
355,IP5.001,equipamento,-97.04351043701172,-70.36078643798828,-4.108479976654053,-3.1238321280498687,-41.76541004944617
356,IP4.001,equipamento,-89.43572235107422,-70.34772491455078,-4.108479976654053,-3.1238320105182535,-41.765341606176285
357,IP1.002,equipamento,-2.6859655380249023,-70.1988754272461,0.2563629150390625,-3.123830671124674,-41.76456116421989
358,DISJUNTOR6.002,equipamento,-104.75823211669922,9.383674621582031,-4.111633777618408,-3.123114562802599,-41.765479454741374
359,DISJUNTOR5.002,equipamento,-96.97494506835938,9.397029876708984,-4.111633777618408,-3.123114442627896,-41.76540943259959
360,DISJUNTOR4.002,equipamento,-89.73910522460938,9.409446716308594,-4.111633777618408,-3.1231143308973444,-41.765344335552506
361,DISJUNTOR3.002,equipamento,-104.69886016845703,-25.228044509887695,-4.111633777618408,-3.123426009722761,-41.765478920603165
362,DISJUNTOR2.002,equipamento,-96.91554260253906,-25.214689254760742,-4.111633777618408,-3.123425889548058,-41.765408898186834
363,DISJUNTOR1.002,equipamento,-89.67971801757812,-25.202272415161133,-4.111633777618408,-3.123425777817507,-41.76534380127703
364,BUSIP9.002,equipamento,-73.95941925048828,-93.42507934570312,-0.5768956542015076,-3.1240396676685895,-41.76520237401341
365,BUSIP8.002,equipamento,-108.24259948730469,-101.96031951904297,-0.5768956542015076,-3.124116470391238,-41.76551080176282
366,BUSIP7.002,equipamento,-97.98998260498047,-101.94271087646484,-0.5768956542015076,-3.124116311943243,-41.76541856435868
367,BUSIP6.002,equipamento,-88.17310333251953,-101.92586517333984,-0.5768956542015076,-3.1241161603604124,-41.76533024705675
368,BUSIP5.002,equipamento,-78.01441955566406,-99.85101318359375,-0.5768956542015076,-3.1240974902024945,-41.765238854719385
369,BUSIP40.002,equipamento,-111.28990173339844,78.55311584472656,-4.108479976654053,-3.122492154844287,-41.76553821673912
370,BUSIP4.002,equipamento,-104.3990249633789,-107.81295013427734,-0.5768956542015076,-3.124169134165985,-41.76547622314345
371,BUSIP39.002,equipamento,-101.54304504394531,78.56983947753906,-4.108479976654053,-3.1224920043598825,-41.76545052939355
372,BUSIP38.002,equipamento,-92.32142639160156,78.58564758300781,-4.108479976654053,-3.1224918621136757,-41.76536756733848
373,BUSIP37.002,equipamento,-82.965087890625,78.60171508789062,-4.108479976654053,-3.122491717533313,-41.76528339327975
374,BUSIP36.002,equipamento,-73.0438461303711,78.61874389648438,-0.4738101363182068,-3.122491564302843,-41.765194137083384
375,BUSIP35.002,equipamento,-101.52848815917969,70.08086395263672,-4.108479976654053,-3.12256839077896,-41.76545039843291
376,BUSIP34.002,equipamento,-92.33964538574219,70.09662628173828,-4.108479976654053,-3.122568248944663,-41.76536773124519
377,BUSIP33.002,equipamento,-82.95053100585938,70.11273956298828,-4.108479976654053,-3.12256810395239,-41.765283262319116
378,BUSIP32.002,equipamento,-73.04228210449219,70.154541015625,-0.4738101363182068,-3.122567727810031,-41.76519412301266
379,BUSIP31.002,equipamento,-111.4472885131836,-35.15627670288086,-4.108479976654053,-3.123515347017087,-41.76553963266523
380,BUSIP30.002,equipamento,-106.25582122802734,-35.147369384765625,-4.108479976654053,-3.123515266866292,-41.7654929277633
381,BUSIP3.002,equipamento,-92.29551696777344,-107.79218292236328,-0.5768956542015076,-3.1241689472962095,-41.76536733424501
382,BUSIP29.002,equipamento,-101.58196258544922,-35.13934326171875,-4.108479976654053,-3.1235151946447623,-41.76545087951421
383,BUSIP28.002,equipamento,-97.1571273803711,-35.131752014160156,-4.108479976654053,-3.1235151263363763,-41.76541107159807
384,BUSIP27.002,equipamento,-92.53594207763672,-35.12382507324219,-4.108479976654053,-3.123515055007318,-41.76536949722333
385,BUSIP26.002,equipamento,-88.0361557006836,-35.11610412597656,-4.108479976654053,-3.123514985531854,-41.765329015010906
386,BUSIP25.002,equipamento,-82.99663543701172,-35.10745620727539,-4.108479976654053,-3.123514907715215,-41.76528367709644
387,BUSIP24.002,equipamento,-111.2010269165039,-43.60580062866211,-4.108479976654053,-3.1235913784385114,-41.76553741717911
388,BUSIP23.002,equipamento,-101.69622039794922,-43.589481353759766,-4.108479976654053,-3.1235912315926444,-41.76545190743168
389,BUSIP22.002,equipamento,-97.10400390625,-43.581600189208984,-4.108479976654053,-3.123591160675496,-41.765410593674105
390,BUSIP21.002,equipamento,-92.05790710449219,-43.57294845581055,-4.108479976654053,-3.1235910828245315,-41.76536519659399
391,BUSIP20.002,equipamento,-87.89290618896484,-43.565792083740234,-4.108479976654053,-3.123591018429289,-41.76532772627036
392,BUSIP2.002,equipamento,-80.65789794921875,-107.77222442626953,-0.5768956542015076,-3.1241687677035084,-41.765262636704776
393,BUSIP19.002,equipamento,-83.14950561523438,-43.55765914916992,-4.108479976654053,-3.123590945246636,-41.76528505238907
394,BUSIP18.002,equipamento,-104.61735534667969,-78.14418029785156,-0.5768956542015076,-3.1239021654275803,-41.765478187347135
395,BUSIP17.002,equipamento,-96.94744873046875,-78.17124938964844,-0.5768956542015076,-3.1239024090036143,-41.765409185229494
396,BUSIP16.002,equipamento,-89.39998626708984,-78.18505096435547,-0.5768956542015076,-3.1239025331944386,-41.765341284677525
397,BUSIP15.002,equipamento,-104.60435485839844,-85.71810150146484,-0.5768956542015076,-3.123970317905747,-41.765478070388575
398,BUSIP14.002,equipamento,-96.93446350097656,-85.74518585205078,-0.5768956542015076,-3.123970561619084,-41.76540906840821
399,BUSIP1.002,equipamento,-73.9384994506836,-105.60491943359375,-0.5768956542015076,-3.1241492656249648,-41.765202185808974
400,BUSIP13.003,equipamento,-52.551876068115234,-43.42770767211914,-0.4738101363182068,-3.1235897759031794,-41.76500978160167
401,BUSIP13.002,equipamento,-89.3869857788086,-85.75897216796875,-0.5768956542015076,-3.1239706856726053,-41.765341167718965
402,BUSIP12.002,equipamento,-104.33165740966797,-96.41534423828125,-0.5768956542015076,-3.1240665749940457,-41.76547561707299
403,BUSIP11.002,equipamento,-96.79205322265625,-96.34721374511719,-0.5768956542015076,-3.1240659619348623,-41.765407787217804
404,BUSIP10.002,equipamento,-85.27996063232422,-96.34063720703125,-0.5768956542015076,-3.124065902757145,-41.765304218972844
405,BUSCSB8.002,equipamento,-92.46336364746094,62.005287170410156,-4.108479976654053,-3.1226410573086922,-41.765368844273354
406,BUSCSB7.002,equipamento,-83.10136413574219,62.021339416503906,-4.108479976654053,-3.122640912865633,-41.76528461928549
407,BUSCSB6.002,equipamento,-73.22157287597656,62.038307189941406,-0.4738101363182068,-3.122640760184376,-41.76519573599748
408,BUSCSB5.002,equipamento,-111.36444091796875,-51.79918670654297,-4.108479976654053,-3.123665105052609,-41.76553888732897
409,BUSCSB4.002,equipamento,-101.6729736328125,-51.782554626464844,-4.108479976654053,-3.1236649553920244,-41.76545169829276
410,BUSCSB3.002,equipamento,-92.66452026367188,-51.76709747314453,-4.108479976654053,-3.1236648163037932,-41.765370653973676
411,BUSCSB2.002,equipamento,-88.07312774658203,-51.75921630859375,-4.108479976654053,-3.1236647453866446,-41.76532934762896
412,BUSCSB1.002,equipamento,-83.13300323486328,-51.75074768066406,-4.108479976654053,-3.1236646691833196,-41.76528490392583
413,SECV9.001,equipamento,-18.019607543945312,1.8411636352539062,0.0,-3.123182432641946,-41.764699112935894
414,SECV8.001,equipamento,-10.419916152954102,1.854970932006836,0.0,-3.123182308399633,-41.76463074250772
415,SECV7.001,equipamento,-2.890591621398926,1.8686504364013672,0.0,-3.123182185307235,-41.76456300513319
416,SECV6.001,equipamento,-45.86754608154297,-63.665061950683594,0.0,-3.123771877856519,-41.764949646198836
417,SECV5.001,equipamento,-38.288124084472656,-63.65130615234375,0.0,-3.1237717540776044,-41.76488145812374
418,SECV4.001,equipamento,-30.668167114257812,-63.63745880126953,0.0,-3.12377162947487,-41.76481290537681
419,SECV3.001,equipamento,-17.900691986083984,-63.61426544189453,0.0,-3.123771420773872,-41.76469804311513
420,SECV2.001,equipamento,-10.301000595092773,-63.60045623779297,0.0,-3.1237712965143953,-41.76462967268696
421,SECV12.001,equipamento,-45.98645782470703,1.7903556823730469,0.0,-3.123182889827571,-41.76495071598527
422,SECV11.001,equipamento,-38.40704345703125,1.8041248321533203,0.0,-3.123182765928516,-41.76488252797882
423,SECV10.001,equipamento,-30.787078857421875,1.8179683685302734,0.0,-3.1231826413601076,-41.76481397516325
424,SECV1.001,equipamento,-2.771674156188965,-63.58677673339844,0.0,-3.1237711734219973,-41.76456193529527
425,SECH18.001,equipamento,-46.036834716796875,25.39685821533203,0.0,-3.1229704712394692,-41.76495116919968
426,SECH17.001,equipamento,-38.50469207763672,25.410552978515625,0.0,-3.1229703480097677,-41.76488340647212
427,SECH16.001,equipamento,-31.073890686035156,25.424041748046875,0.0,-3.1229702266336603,-41.76481655545849
428,SECH15.001,equipamento,-17.968658447265625,25.447860717773438,0.0,-3.122970012303227,-41.76469865457365
429,SECH14.001,equipamento,-10.345516204833984,25.461700439453125,0.0,-3.1229698877691443,-41.7646300731705
430,SECH13.001,equipamento,-2.933478355407715,25.475173950195312,0.0,-3.1229697665303404,-41.764563390962586
431,REATOR811,equipamento,27.764862060546875,134.96275329589844,0.0,-3.1219845635343924,-41.764287214132445
432,IP3.002,equipamento,-104.46282196044922,-70.38298034667969,-4.493394374847412,-3.1238323277575017,-41.765476797091495
433,IP2.002,equipamento,-96.9239273071289,-70.36929321289062,-4.493394374847412,-3.123832204596452,-41.765408973619614
434,IP1.001,equipamento,-2.565114974975586,-70.19786071777344,0.0,-3.1238306619940053,-41.76456007699091
435,DISJUNTOR13,equipamento,58.597999572753906,52.33546447753906,0.0,-3.1227280693546637,-41.76400982460369
436,DISJUNTOR12,equipamento,43.62664031982422,9.637161254882812,0.0,-3.123112281851718,-41.76414451405222
437,DISJUNTOR11,equipamento,51.37908935546875,9.651243209838867,0.0,-3.1231121551379455,-41.76407476934383
438,BUSIP47.001,equipamento,14.898035049438477,79.29432678222656,0.0,-3.1224854851997423,-41.76440297021078
439,BUSIP36.x001,equipamento,-5.429620742797852,70.28569030761719,0.0,-3.1225665476882662,-41.764585847443385
440,BUSIP33.001,equipamento,9.330511093139648,70.65089416503906,0.0,-3.122563261471358,-41.76445305829688
441,BUSIP32.001,equipamento,14.913719177246094,70.6610107421875,0.0,-3.122563170439278,-41.764402829108924
442,BUSIP3.003,equipamento,-92.19156646728516,-107.78118896484375,-0.7401484847068787,-3.12416884836919,-41.76536639905701
443,BUSIP13.001,equipamento,-52.45616149902344,-43.51821517944336,0.0,-3.1235905903176353,-41.76500892050801
444,BUSCSB21.001,equipamento,-38.4781494140625,61.94877624511719,0.0,-3.1226415658114215,-41.76488316768173
