nome_completo,nome_objeto,x_cartesiano,y_cartesiano,z_cartesiano,latitude,longitude,altitude
ARGO_PARNAIBAIII_V3::TPC9,TPC9,43.185569763183594,166.58834838867188,2.6603615283966064,-3.1217025182501916,-41.76414848213214,79.6603615283966
ARGO_PARNAIBAIII_V3::TPC8,TPC8,50.98405456542969,166.60171508789062,2.6603615283966064,-3.1217023981756387,-41.76407832326416,79.6603615283966
ARGO_PARNAIBAIII_V3::TPC7,TPC7,58.29837417602539,166.61428833007812,2.6603615283966064,-3.1217022852287992,-41.76401252017587,79.6603615283966
ARGO_PARNAIBAIII_V3::TPC6,TPC6,43.76810073852539,-146.71356201171875,0.912790060043335,-3.1245169443227785,-41.764143241407204,77.91279006004333
ARGO_PARNAIBAIII_V3::TPC5,TPC5,51.384971618652344,-146.70046997070312,0.912790060043335,-3.124516826715511,-41.7640747164242,77.91279006004333
ARGO_PARNAIBAIII_V3::TPC4,TPC4,58.853302001953125,-146.68768310546875,0.912790060043335,-3.124516711849672,-41.76400752778195,77.91279006004333
ARGO_PARNAIBAIII_V3::TPC3,TPC3,72.04637145996094,-146.6650390625,0.912790060043335,-3.1245165084357036,-41.76388883667183,77.91279006004333
ARGO_PARNAIBAIII_V3::TPC2,TPC2,79.62799835205078,-146.65203857421875,0.912790060043335,-3.1245163916508645,-41.76382062876046,77.91279006004333
ARGO_PARNAIBAIII_V3::TPC1,TPC1,87.17407989501953,-146.63909912109375,0.912790060043335,-3.124516275414311,-41.76375274063191,77.91279006004333
ARGO_PARNAIBAIII_V3::TC9,TC9,71.75701141357422,18.235519409179688,6.68056058883667,-3.12303518829133,-41.76389143989205,83.68056058883667
ARGO_PARNAIBAIII_V3::TC8,TC8,79.4284896850586,18.248687744140625,6.68056058883667,-3.1230350699987053,-41.763822423635055,83.68056058883667
ARGO_PARNAIBAIII_V3::TC7,TC7,86.81294250488281,18.2613525390625,6.68056058883667,-3.123034956229437,-41.763755989595154,83.68056058883667
ARGO_PARNAIBAIII_V3::TC6,TC6,43.67547607421875,-17.51519203186035,6.68056058883667,-3.1233563409273435,-41.764144074702614,83.68056058883667
ARGO_PARNAIBAIII_V3::TC5,TC5,51.12446975708008,-17.502410888671875,6.68056058883667,-3.123356226112906,-41.764077060022494,83.68056058883667
ARGO_PARNAIBAIII_V3::TC4,TC4,58.55341339111328,-17.489662170410156,6.68056058883667,-3.1233561115897452,-41.76401022572213,83.68056058883667
ARGO_PARNAIBAIII_V3::TC3,TC3,71.8182601928711,-17.466901779174805,6.68056058883667,-3.123355907130607,-41.763890888868985,83.68056058883667
ARGO_PARNAIBAIII_V3::TC2,TC2,79.48973846435547,-17.453739166259766,6.68056058883667,-3.123355788889384,-41.763821872611985,83.68056058883667
ARGO_PARNAIBAIII_V3::TC15,TC15,43.570213317871094,43.83934783935547,6.68056058883667,-3.122805186239316,-41.764145021696294,83.68056058883667
ARGO_PARNAIBAIII_V3::TC14,TC14,51.01920700073242,43.85212707519531,6.68056058883667,-3.1228050714420124,-41.764078007016174,83.68056058883667
ARGO_PARNAIBAIII_V3::TC13,TC13,58.44813537597656,43.86487579345703,6.68056058883667,-3.1228049569188516,-41.76401117285308,83.68056058883667
ARGO_PARNAIBAIII_V3::TC12,TC12,43.614227294921875,18.187232971191406,6.68056058883667,-3.123035622053798,-41.76414462572568,83.68056058883667
ARGO_PARNAIBAIII_V3::TC11,TC11,51.06321334838867,18.200016021728516,6.68056058883667,-3.1230355072222267,-41.7640776111142,83.68056058883667
ARGO_PARNAIBAIII_V3::TC10,TC10,58.492156982421875,18.21276092529297,6.68056058883667,-3.1230353927333336,-41.764010776813834,83.68056058883667
ARGO_PARNAIBAIII_V3::TC1,TC1,86.87420654296875,-17.44106674194336,6.68056058883667,-3.1233556750515805,-41.763755438434806,83.68056058883667
ARGO_PARNAIBAIII_V3::SECV9,SECV9,71.50696563720703,1.9031238555908203,2.6603615283966064,-3.1231819040257314,-41.763893689422446,79.6603615283966
ARGO_PARNAIBAIII_V3::SECV8,SECV8,79.11603546142578,1.9161796569824219,2.6603615283966064,-3.1231817867440084,-41.76382523462144,79.6603615283966
ARGO_PARNAIBAIII_V3::SECV7,SECV7,86.64043426513672,1.9290904998779297,2.6603615283966064,-3.123181670764464,-41.76375754156109,79.6603615283966
ARGO_PARNAIBAIII_V3::SECV6,SECV6,43.63932418823242,-63.63078689575195,2.6603615283966064,-3.123770602469419,-41.764144399942126,79.6603615283966
ARGO_PARNAIBAIII_V3::SECV5,SECV5,51.248382568359375,-63.617740631103516,2.6603615283966064,-3.123770485273366,-41.76407594524407,79.6603615283966
ARGO_PARNAIBAIII_V3::SECV4,SECV4,58.85746383666992,-63.604679107666016,2.6603615283966064,-3.1237703679402413,-41.76400749034011,79.6603615283966
ARGO_PARNAIBAIII_V3::SECV3,SECV3,71.61933135986328,-63.58278274536133,2.6603615283966064,-3.123770171242772,-41.763892678527114,79.6603615283966
ARGO_PARNAIBAIII_V3::SECV2,SECV2,79.2284164428711,-63.56972122192383,2.6603615283966064,-3.1237700539096473,-41.763824223588834,79.6603615283966
ARGO_PARNAIBAIII_V3::SECV15,SECV15,43.37459182739258,90.65055847167969,2.6603615283966064,-3.1223846759030573,-41.764146781600004,79.6603615283966
ARGO_PARNAIBAIII_V3::SECV14,SECV14,50.98365020751953,90.66361999511719,2.6603615283966064,-3.1223845585699324,-41.76407832690195,79.6603615283966
ARGO_PARNAIBAIII_V3::SECV13,SECV13,58.59272384643555,90.67666625976562,2.6603615283966064,-3.1223844413738795,-41.76400987206663,79.6603615283966
ARGO_PARNAIBAIII_V3::SECV12,SECV12,43.52695083618164,1.8551101684570312,2.6603615283966064,-3.1231823353380483,-41.764145410906096,79.6603615283966
ARGO_PARNAIBAIII_V3::SECV11,SECV11,51.136024475097656,1.8681678771972656,2.6603615283966064,-3.1231822180391915,-41.764076956070774,79.6603615283966
ARGO_PARNAIBAIII_V3::SECV10,SECV10,58.74509048461914,1.8812236785888672,2.6603615283966064,-3.123182100757469,-41.76400850130408,79.6603615283966
ARGO_PARNAIBAIII_V3::SECV1,SECV1,86.75279998779297,-63.55680465698242,2.6603615283966064,-3.123769937878701,-41.76375653066576,79.6603615283966
ARGO_PARNAIBAIII_V3::SECH9,SECH9,71.6035385131836,-10.895325660705566,2.6603615283966064,-3.123296873927962,-41.763892820607055,79.6603615283966
ARGO_PARNAIBAIII_V3::SECH8,SECH8,79.18032836914062,-10.88232421875,2.6603615283966064,-3.123296757134556,-41.76382465621195,79.6603615283966
ARGO_PARNAIBAIII_V3::SECH7,SECH7,86.85742950439453,-10.86915111541748,2.6603615283966064,-3.1232966387990966,-41.763755589369005,79.6603615283966
ARGO_PARNAIBAIII_V3::SECH6,SECH6,43.75393295288086,-82.76679992675781,1.5444133281707764,-3.1239425034129247,-41.76414336886732,78.54441332817078
ARGO_PARNAIBAIII_V3::SECH5,SECH5,51.2734260559082,-82.75389099121094,1.5444133281707764,-3.123942387450514,-41.76407571994098,78.54441332817078
ARGO_PARNAIBAIII_V3::SECH4,SECH4,58.881202697753906,-82.7408447265625,1.5444133281707764,-3.1239422702544606,-41.76400727677406,78.54441332817078
ARGO_PARNAIBAIII_V3::SECH3,SECH3,71.72676849365234,-82.71878051757812,1.5444133281707764,-3.1239420720492057,-41.7638917119717,78.54441332817078
ARGO_PARNAIBAIII_V3::SECH24,SECH24,43.42551803588867,108.62818145751953,2.6603615283966064,-3.1222231809067775,-41.764146323443676,79.6603615283966
ARGO_PARNAIBAIII_V3::SECH23,SECH23,50.945011138916016,108.6410903930664,2.6603615283966064,-3.122223064944367,-41.76407867451734,79.6603615283966
ARGO_PARNAIBAIII_V3::SECH22,SECH22,58.55279541015625,108.6541519165039,2.6603615283966064,-3.122222947611242,-41.76401023128178,79.6603615283966
ARGO_PARNAIBAIII_V3::SECH21,SECH21,43.550594329833984,35.73613739013672,2.6603615283966064,-3.1228779782843143,-41.764145198198015,79.6603615283966
ARGO_PARNAIBAIII_V3::SECH20,SECH20,51.0700798034668,35.74903869628906,2.6603615283966064,-3.1228778623904394,-41.764077549340314,79.6603615283966
ARGO_PARNAIBAIII_V3::SECH2,SECH2,79.30357360839844,-82.70579528808594,1.5444133281707764,-3.1239419554014383,-41.76382354743932,78.54441332817078
ARGO_PARNAIBAIII_V3::SECH19,SECH19,58.67787170410156,35.76209259033203,2.6603615283966064,-3.1228777451258503,-41.76400910603611,79.6603615283966
ARGO_PARNAIBAIII_V3::SECH18,SECH18,43.5692253112793,24.87554931640625,2.6603615283966064,-3.1229755401606503,-41.76414503058487,79.6603615283966
ARGO_PARNAIBAIII_V3::SECH17,SECH17,51.08871078491211,24.888446807861328,2.6603615283966064,-3.1229754243010435,-41.76407738172717,79.6603615283966
ARGO_PARNAIBAIII_V3::SECH16,SECH16,58.696502685546875,24.901500701904297,2.6603615283966064,-3.1229753070364543,-41.76400893842297,79.6603615283966
ARGO_PARNAIBAIII_V3::SECH15,SECH15,71.54206085205078,24.92354965209961,2.6603615283966064,-3.1229751089682707,-41.76389337368925,79.6603615283966
ARGO_PARNAIBAIII_V3::SECH14,SECH14,79.11888122558594,24.93655014038086,2.6603615283966064,-3.122974992183432,-41.7638252090196,79.6603615283966
ARGO_PARNAIBAIII_V3::SECH13,SECH13,86.79595184326172,24.949718475341797,2.6603615283966064,-3.1229748738908074,-41.7637561424512,79.6603615283966
ARGO_PARNAIBAIII_V3::SECH12,SECH12,43.63068771362305,-10.94332504272461,2.6603615283966064,-3.1232973051117745,-41.764144477639945,79.6603615283966
ARGO_PARNAIBAIII_V3::SECH11,SECH11,51.15017318725586,-10.930421829223633,2.6603615283966064,-3.1232971892007657,-41.76407682878225,79.6603615283966
ARGO_PARNAIBAIII_V3::SECH10,SECH10,58.757965087890625,-10.917367935180664,2.6603615283966064,-3.1232970719361766,-41.76400838547805,79.6603615283966
ARGO_PARNAIBAIII_V3::SECH1,SECH1,86.98067474365234,-82.692626953125,1.5444133281707764,-3.1239418371088137,-41.763754480596376,78.54441332817078
ARGO_PARNAIBAIII_V3::REATOR9,REATOR9,48.038917541503906,135.0950469970703,2.6603615283966064,-3.121985426095966,-41.76410481911366,79.6603615283966
ARGO_PARNAIBAIII_V3::REATOR8,REATOR8,57.924774169921875,135.1119842529297,2.6603615283966064,-3.121985273946704,-41.764015881258715,79.6603615283966
ARGO_PARNAIBAIII_V3::REATOR7,REATOR7,40.049163818359375,-106.37725067138672,1.3271758556365967,-3.124154598730429,-41.764176698727574,78.3271758556366
ARGO_PARNAIBAIII_V3::REATOR6,REATOR6,50.42438507080078,-106.35945892333984,1.3271758556365967,-3.1241544389051685,-41.76408335831638,78.3271758556366
ARGO_PARNAIBAIII_V3::REATOR5,REATOR5,60.4701042175293,-106.34220123291016,1.3271758556365967,-3.124154283877407,-41.763992982262394,78.3271758556366
ARGO_PARNAIBAIII_V3::REATOR4,REATOR4,70.55978393554688,-106.32491302490234,1.3271758556365967,-3.124154128575502,-41.76390221071827,78.3271758556366
ARGO_PARNAIBAIII_V3::REATOR3,REATOR3,80.30122375488281,-106.3082046508789,1.3271758556365967,-3.1241539784823114,-41.76381457210544,78.3271758556366
ARGO_PARNAIBAIII_V3::REATOR2,REATOR2,90.52080535888672,-106.29064178466797,1.3271758556365967,-3.124153820713121,-41.76372263190233,78.3271758556366
ARGO_PARNAIBAIII_V3::REATOR11,REATOR11,27.776094436645508,135.0602264404297,2.6603615283966064,-3.1219857388929175,-41.76428711308066,79.6603615283966
ARGO_PARNAIBAIII_V3::REATOR10,REATOR10,38.092830657958984,135.0779266357422,2.6603615283966064,-3.121985579890085,-41.76419429882854,79.6603615283966
ARGO_PARNAIBAIII_V3::REATOR1,REATOR1,100.96312713623047,-106.27274322509766,1.3271758556365967,-3.1241536599283606,-41.76362868782299,78.3271758556366
ARGO_PARNAIBAIII_V3::PR9,PR9,80.18009185791016,-96.32151794433594,1.5444133281707764,-3.124064266959615,-41.763815661865436,78.54441332817078
ARGO_PARNAIBAIII_V3::PR8,PR8,90.44113159179688,-96.30390930175781,1.5444133281707764,-3.124064108779211,-41.76372334868533,78.54441332817078
ARGO_PARNAIBAIII_V3::PR7,PR7,100.7092056274414,-96.28628540039062,1.5444133281707764,-3.1240639504617356,-41.763630972221314,78.54441332817078
ARGO_PARNAIBAIII_V3::PR6,PR6,43.71978759765625,-152.70614624023438,0.9896577596664429,-3.124570776376574,-41.764143676055134,77.98965775966644
ARGO_PARNAIBAIII_V3::PR5,PR5,51.37610626220703,-152.69302368164062,0.9896577596664429,-3.124570658495164,-41.76407479618115,77.98965775966644
ARGO_PARNAIBAIII_V3::PR4,PR4,58.93207550048828,-152.6800537109375,0.9896577596664429,-3.124570541984468,-41.7640068190982,77.98965775966644
ARGO_PARNAIBAIII_V3::PR3,PR3,72.02548217773438,-152.65756225585938,0.9896577596664429,-3.1245703399412132,-41.763889024601724,77.98965775966644
ARGO_PARNAIBAIII_V3::PR20,PR20,43.27516555786133,172.86734008789062,2.6603615283966064,-3.1216461133660807,-41.76414767608588,79.6603615283966
ARGO_PARNAIBAIII_V3::PR2,PR2,79.50816345214844,-152.64471435546875,0.9896577596664429,-3.1245702245270883,-41.763821706852056,77.98965775966644
ARGO_PARNAIBAIII_V3::PR19,PR19,50.804725646972656,172.8802490234375,2.6603615283966064,-3.1216459974036703,-41.76407993659216,79.6603615283966
ARGO_PARNAIBAIII_V3::PR18,PR18,58.408203125,172.89334106445312,2.6603615283966064,-3.121645879796403,-41.76401153210255,79.6603615283966
ARGO_PARNAIBAIII_V3::PR17,PR17,27.94761848449707,124.66851806640625,2.6603615283966064,-3.122079088770514,-41.764285569968976,79.6603615283966
ARGO_PARNAIBAIII_V3::PR16,PR16,37.43778991699219,124.684814453125,2.6603615283966064,-3.1220789423782507,-41.76420019188572,79.6603615283966
ARGO_PARNAIBAIII_V3::PR15,PR15,47.94452667236328,124.70281982421875,2.6603615283966064,-3.12207878063399,-41.76410566829868,79.6603615283966
ARGO_PARNAIBAIII_V3::PR14,PR14,58.14978790283203,124.72036743164062,2.6603615283966064,-3.1220786230018716,-41.76401385692846,79.6603615283966
ARGO_PARNAIBAIII_V3::PR13,PR13,39.84074020385742,-96.39071655273438,1.5444133281707764,-3.124064888578447,-41.76417857380526,78.54441332817078
ARGO_PARNAIBAIII_V3::PR12,PR12,50.10271453857422,-96.37310791015625,1.5444133281707764,-3.124064730398043,-41.76408625221705,78.54441332817078
ARGO_PARNAIBAIII_V3::PR11,PR11,61.27461242675781,-96.35395812988281,1.5444133281707764,-3.124064558373427,-41.76398574452498,78.54441332817078
ARGO_PARNAIBAIII_V3::PR10,PR10,70.28124237060547,-96.3385009765625,1.5444133281707764,-3.1240644195200913,-41.7639047166103,78.54441332817078
ARGO_PARNAIBAIII_V3::PR1,PR1,87.21436309814453,-152.63153076171875,0.9896577596664429,-3.1245701060973925,-41.76375237822511,77.98965775966644
ARGO_PARNAIBAIII_V3::IP9,IP9,71.7050552368164,-70.0582504272461,2.6603615283966064,-3.123828341092591,-41.76389190731446,79.6603615283966
ARGO_PARNAIBAIII_V3::IP8,IP8,79.28190612792969,-70.04524993896484,2.6603615283966064,-3.123828224307752,-41.763823742370256,79.6603615283966
ARGO_PARNAIBAIII_V3::IP7,IP7,86.95896911621094,-70.03207397460938,2.6603615283966064,-3.123828105946592,-41.7637546758705,79.6603615283966
ARGO_PARNAIBAIII_V3::IP6,IP6,43.76482009887695,-89.10884094238281,1.5444133281707764,-3.1239994746760904,-41.764143270921394,78.54441332817078
ARGO_PARNAIBAIII_V3::IP5,IP5,51.2843132019043,-89.09593200683594,1.5444133281707764,-3.12399935871368,-41.764075621995055,78.54441332817078
ARGO_PARNAIBAIII_V3::IP4,IP4,58.89209747314453,-89.0828628540039,1.5444133281707764,-3.1239992413120197,-41.76400717875949,78.54441332817078
ARGO_PARNAIBAIII_V3::IP3,IP3,71.73766326904297,-89.06083679199219,1.5444133281707764,-3.123999043449443,-41.763891613957135,78.54441332817078
ARGO_PARNAIBAIII_V3::IP2,IP2,79.314453125,-89.0478515625,1.5444133281707764,-3.1239989268016752,-41.76382344956203,78.54441332817078
ARGO_PARNAIBAIII_V3::IP18,IP18,43.41213607788086,116.45606994628906,2.6603615283966064,-3.122152862109717,-41.764146443834115,79.6603615283966
ARGO_PARNAIBAIII_V3::IP17,IP17,50.93157196044922,116.46897888183594,2.6603615283966064,-3.1221527461473064,-41.76407879542256,79.6603615283966
ARGO_PARNAIBAIII_V3::IP16,IP16,58.53935241699219,116.48204040527344,2.6603615283966064,-3.122152628814182,-41.76401035222132,79.6603615283966
ARGO_PARNAIBAIII_V3::IP15,IP15,43.44517135620117,97.20210266113281,2.6603615283966064,-3.122325822649469,-41.76414614663309,79.6603615283966
ARGO_PARNAIBAIII_V3::IP14,IP14,50.96461486816406,97.21501159667969,2.6603615283966064,-3.1223257066870582,-41.76407849815289,79.6603615283966
ARGO_PARNAIBAIII_V3::IP13,IP13,58.5723876953125,97.22805786132812,2.6603615283966064,-3.122325589491005,-41.764010055020286,79.6603615283966
ARGO_PARNAIBAIII_V3::IP12,IP12,43.73225021362305,-70.10624694824219,2.6603615283966064,-3.123828772250703,-41.76414356393553,79.6603615283966
ARGO_PARNAIBAIII_V3::IP11,IP11,51.25169372558594,-70.09333801269531,2.6603615283966064,-3.123828656288292,-41.76407591545534,79.6603615283966
ARGO_PARNAIBAIII_V3::IP10,IP10,58.859474182128906,-70.08029174804688,2.6603615283966064,-3.123828539092239,-41.76400747225409,79.6603615283966
ARGO_PARNAIBAIII_V3::IP1,IP1,86.99153900146484,-89.03466796875,1.5444133281707764,-3.1239988083719794,-41.76375438285636,78.54441332817078
ARGO_PARNAIBAIII_V3::DISJUNTOR9,DISJUNTOR9,43.49232482910156,9.662643432617188,2.657207727432251,-3.1231121993942454,-41.76414572241808,79.65720772743225
ARGO_PARNAIBAIII_V3::DISJUNTOR8,DISJUNTOR8,51.275630950927734,9.67599868774414,2.657207727432251,-3.123112079422496,-41.764075700104705,79.65720772743225
ARGO_PARNAIBAIII_V3::DISJUNTOR7,DISJUNTOR7,58.51145553588867,9.68841552734375,2.657207727432251,-3.1231119678806385,-41.76401060319489,79.65720772743225
ARGO_PARNAIBAIII_V3::DISJUNTOR6,DISJUNTOR6,43.55175018310547,-24.973657608032227,2.657207727432251,-3.123423341157097,-41.76414518779941,79.65720772743225
ARGO_PARNAIBAIII_V3::DISJUNTOR5,DISJUNTOR5,51.33506393432617,-24.960298538208008,2.657207727432251,-3.12342322115108,-41.764075165417395,79.65720772743225
ARGO_PARNAIBAIII_V3::DISJUNTOR4,DISJUNTOR4,58.57088851928711,-24.94788932800293,2.657207727432251,-3.123423109677758,-41.76401006850759,79.65720772743225
ARGO_PARNAIBAIII_V3::DISJUNTOR3,DISJUNTOR3,71.81703186035156,-24.92515754699707,2.657207727432251,-3.123422905475629,-41.763890899919645,79.65720772743225
ARGO_PARNAIBAIII_V3::DISJUNTOR2,DISJUNTOR2,79.41900634765625,-24.912111282348633,2.657207727432251,-3.1234227882795755,-41.763822508951655,79.65720772743225
ARGO_PARNAIBAIII_V3::DISJUNTOR10,DISJUNTOR10,58.47866439819336,52.32096862792969,2.657207727432251,-3.122728994891952,-41.76401089819952,79.65720772743225
ARGO_PARNAIBAIII_V3::DISJUNTOR1,DISJUNTOR1,86.7071533203125,-24.899606704711914,2.657207727432251,-3.1234226759495574,-41.76375694132483,79.65720772743225
ARGO_PARNAIBAIII_V3::BUSIP9,BUSIP9,46.56532287597656,-43.36442184448242,2.6603615283966064,-3.123588547447399,-41.76411807627017,79.6603615283966
ARGO_PARNAIBAIII_V3::BUSIP8,BUSIP8,51.17009353637695,-43.35651779174805,2.6603615283966064,-3.1235884764444104,-41.76407664956934,79.6603615283966
ARGO_PARNAIBAIII_V3::BUSIP7,BUSIP7,56.24594497680664,-43.34779739379883,2.6603615283966064,-3.123588398108101,-41.76403098480238,79.6603615283966
ARGO_PARNAIBAIII_V3::BUSIP6,BUSIP6,60.39168167114258,-43.340694427490234,2.6603615283966064,-3.123588334301361,-41.76399368778882,79.6603615283966
ARGO_PARNAIBAIII_V3::BUSIP5,BUSIP5,65.14486694335938,-43.3325309753418,2.6603615283966064,-3.123588260968158,-41.76395092587975,79.6603615283966
ARGO_PARNAIBAIII_V3::BUSIP47,BUSIP47,25.84930419921875,78.83546447753906,0.2743861675262451,-3.1224908122127424,-41.76430444739948,77.27438616752625
ARGO_PARNAIBAIII_V3::BUSIP46,BUSIP46,36.64482116699219,78.85400390625,2.6603615283966064,-3.1224906456709824,-41.76420732580869,79.6603615283966
ARGO_PARNAIBAIII_V3::BUSIP45,BUSIP45,41.81755828857422,78.86286926269531,2.6603615283966064,-3.1224905660324946,-41.764160789412195,79.6603615283966
ARGO_PARNAIBAIII_V3::BUSIP44,BUSIP44,46.516510009765625,78.87092590332031,2.6603615283966064,-3.1224904936587916,-41.76411851541387,79.6603615283966
ARGO_PARNAIBAIII_V3::BUSIP43,BUSIP43,50.949615478515625,78.8785400390625,2.6603615283966064,-3.1224904252601595,-41.76407863309452,79.6603615283966
ARGO_PARNAIBAIII_V3::BUSIP42,BUSIP42,55.54179382324219,78.88641357421875,2.6603615283966064,-3.122490354531313,-41.76403731968013,79.6603615283966
ARGO_PARNAIBAIII_V3::BUSIP41,BUSIP41,60.058345794677734,78.8941650390625,2.6603615283966064,-3.122490284899038,-41.76399668663646,79.6603615283966
ARGO_PARNAIBAIII_V3::BUSIP40,BUSIP40,65.11246490478516,78.90284729003906,2.6603615283966064,-3.1224902069054075,-41.763951217383855,79.6603615283966
ARGO_PARNAIBAIII_V3::BUSIP4,BUSIP4,74.6025619506836,-43.31630325317383,2.6603615283966064,-3.1235881151927165,-41.76386583996982,79.6603615283966
ARGO_PARNAIBAIII_V3::BUSIP39,BUSIP39,69.7925033569336,78.91087341308594,2.6603615283966064,-3.1224901348058474,-41.76390911353826,79.6603615283966
ARGO_PARNAIBAIII_V3::BUSIP38,BUSIP38,74.46476745605469,78.91888427734375,2.6603615283966064,-3.1224900628433585,-41.763867079634444,79.6603615283966
ARGO_PARNAIBAIII_V3::BUSIP37,BUSIP37,79.05697631835938,78.92677307128906,2.6603615283966064,-3.122489991977441,-41.763825765945505,79.6603615283966
ARGO_PARNAIBAIII_V3::BUSIP36,BUSIP36,88.56685638427734,78.94309997558594,2.6603615283966064,-3.1224898453110352,-41.76374021055404,79.6603615283966
ARGO_PARNAIBAIII_V3::BUSIP35,BUSIP35,25.850997924804688,70.34656524658203,0.2743861675262451,-3.1225670689431677,-41.76430443216193,77.27438616752625
ARGO_PARNAIBAIII_V3::BUSIP34,BUSIP34,36.873985290527344,70.36547088623047,2.6603615283966064,-3.122566899111694,-41.76420526413955,79.6603615283966
ARGO_PARNAIBAIII_V3::BUSIP33,BUSIP33,41.7861442565918,70.37390899658203,2.6603615283966064,-3.122566823311206,-41.764161072027726,79.6603615283966
ARGO_PARNAIBAIII_V3::BUSIP32,BUSIP32,46.370140075683594,70.38176727294922,2.6603615283966064,-3.122566752719431,-41.764119832227216,79.6603615283966
ARGO_PARNAIBAIII_V3::BUSIP31,BUSIP31,50.974910736083984,70.38965606689453,2.6603615283966064,-3.1225666818535136,-41.764078405526384,79.6603615283966
ARGO_PARNAIBAIII_V3::BUSIP30,BUSIP30,56.0507698059082,70.39836883544922,2.6603615283966064,-3.12256660358574,-41.76403274069079,79.6603615283966
ARGO_PARNAIBAIII_V3::BUSIP3,BUSIP3,79.66720581054688,-43.307621002197266,2.6603615283966064,-3.1235880371990854,-41.763820276031566,79.6603615283966
ARGO_PARNAIBAIII_V3::BUSIP29,BUSIP29,60.19650650024414,70.4054946899414,2.6603615283966064,-3.1225665395733926,-41.763995443677224,79.6603615283966
ARGO_PARNAIBAIII_V3::BUSIP28,BUSIP28,64.94969177246094,70.41364288330078,2.6603615283966064,-3.122566466377261,-41.76395268176815,79.6603615283966
ARGO_PARNAIBAIII_V3::BUSIP27,BUSIP27,74.40740203857422,70.42987823486328,2.6603615283966064,-3.122566320533284,-41.763867595720946,79.6603615283966
ARGO_PARNAIBAIII_V3::BUSIP26,BUSIP26,79.47201538085938,70.43854522705078,2.6603615283966064,-3.1225662426767244,-41.76382203205725,79.6603615283966
ARGO_PARNAIBAIII_V3::BUSIP25,BUSIP25,84.09645080566406,70.44649505615234,2.6603615283966064,-3.122566171262521,-41.76378042844287,79.6603615283966
ARGO_PARNAIBAIII_V3::BUSIP24,BUSIP24,88.5814437866211,70.45418548583984,2.6603615283966064,-3.122566102178532,-41.76374007931885,79.6603615283966
ARGO_PARNAIBAIII_V3::BUSIP23,BUSIP23,26.044483184814453,-34.91072463989258,0.2743861675262451,-3.1235126069407104,-41.76430269147676,77.27438616752625
ARGO_PARNAIBAIII_V3::BUSIP22,BUSIP22,36.839996337890625,-34.89219665527344,2.6603615283966064,-3.123512440501754,-41.764205569920286,79.6603615283966
ARGO_PARNAIBAIII_V3::BUSIP21,BUSIP21,42.012733459472656,-34.88331985473633,2.6603615283966064,-3.123512360760463,-41.76415903352379,79.6603615283966
ARGO_PARNAIBAIII_V3::BUSIP20,BUSIP20,46.711692810058594,-34.87525939941406,2.6603615283966064,-3.123512288352492,-41.764116759456826,79.6603615283966
ARGO_PARNAIBAIII_V3::BUSIP2,BUSIP2,84.29164123535156,-43.299678802490234,2.6603615283966064,-3.1235879658534182,-41.76377867241719,79.6603615283966
ARGO_PARNAIBAIII_V3::BUSIP19,BUSIP19,51.14479064941406,-34.867652893066406,2.6603615283966064,-3.1235122200223957,-41.76407687720611,79.6603615283966
ARGO_PARNAIBAIII_V3::BUSIP18,BUSIP18,55.736968994140625,-34.859771728515625,2.6603615283966064,-3.1235121492250135,-41.76403556379172,79.6603615283966
ARGO_PARNAIBAIII_V3::BUSIP17,BUSIP17,60.25352096557617,-34.852020263671875,2.6603615283966064,-3.123512079592739,-41.763994930748055,79.6603615283966
ARGO_PARNAIBAIII_V3::BUSIP16,BUSIP16,65.3076400756836,-34.84334945678711,2.6603615283966064,-3.1235120017019113,-41.76394946149544,79.6603615283966
ARGO_PARNAIBAIII_V3::BUSIP15,BUSIP15,69.98767852783203,-34.83531951904297,2.6603615283966064,-3.1235119295680835,-41.763907357649856,79.6603615283966
ARGO_PARNAIBAIII_V3::BUSIP14,BUSIP14,74.65994262695312,-34.827301025390625,2.6603615283966064,-3.123511857537059,-41.76386532374604,79.6603615283966
ARGO_PARNAIBAIII_V3::BUSIP13,BUSIP13,79.25215148925781,-34.819419860839844,2.6603615283966064,-3.123511786739677,-41.7638240100571,79.6603615283966
ARGO_PARNAIBAIII_V3::BUSIP12,BUSIP12,88.76203155517578,-34.803104400634766,2.6603615283966064,-3.123511640176075,-41.763738454665635,79.6603615283966
ARGO_PARNAIBAIII_V3::BUSIP11,BUSIP11,26.04617691040039,-43.39963150024414,0.2743861675262451,-3.1235888637396716,-41.764302676239204,77.27438616752625
ARGO_PARNAIBAIII_V3::BUSIP10,BUSIP10,37.06916046142578,-43.38071060180664,2.6603615283966064,-3.1235886937711266,-41.76420350825114,79.6603615283966
ARGO_PARNAIBAIII_V3::BUSIP1,BUSIP1,88.77660369873047,-43.291988372802734,2.6603615283966064,-3.1235878967694286,-41.763738323567715,79.6603615283966
ARGO_PARNAIBAIII_V3::BUSCSB9,BUSCSB9,36.957149505615234,-51.544677734375,2.6603615283966064,-3.123662031600201,-41.76420451595482,79.6603615283966
ARGO_PARNAIBAIII_V3::BUSCSB8,BUSCSB8,46.604976654052734,-51.52812194824219,2.6603615283966064,-3.123661882877724,-41.76411771952598,79.6603615283966
ARGO_PARNAIBAIII_V3::BUSCSB7,BUSCSB7,55.65260696411133,-51.512603759765625,2.6603615283966064,-3.1236617434761027,-41.76403632275255,79.6603615283966
ARGO_PARNAIBAIII_V3::BUSCSB6,BUSCSB6,60.2238655090332,-51.50475311279297,2.6603615283966064,-3.123661672952864,-41.763995197542606,79.6603615283966
ARGO_PARNAIBAIII_V3::BUSCSB5,BUSCSB5,65.17359161376953,-51.49626159667969,2.6603615283966064,-3.1236615966726258,-41.763950667458985,
ARGO_PARNAIBAIII_V3::BUSCSB22.001,BUSCSB22.001,-43.28418731689453,62.02275848388672,-0.4738101363182068,-3.1226418426295015,-41.764926405078135,76.5261898636818
ARGO_PARNAIBAIII_V3::BUSCSB20.001,BUSCSB20.001,-38.622520446777344,62.030738830566406,-0.4738101363182068,-3.1226417709411556,-41.764884466512015,76.5261898636818
ARGO_PARNAIBAIII_V3::BUSCSB2.001,BUSCSB2.001,3.838973045349121,-51.60150909423828,0.2563629150390625,-3.123662542122658,-41.76450246277771,77.25636291503906
ARGO_PARNAIBAIII_V3::BUSCSB19.001,BUSCSB19.001,-34.22410583496094,62.038307189941406,-0.4738101363182068,-3.1226417029537377,-41.76484489628807,76.5261898636818
ARGO_PARNAIBAIII_V3::BUSCSB18.001,BUSCSB18.001,-29.652854919433594,62.04615020751953,-0.4738101363182068,-3.1226416324990343,-41.76480377114675,76.5261898636818
ARGO_PARNAIBAIII_V3::BUSCSB17.001,BUSCSB17.001,-24.703126907348633,62.05463409423828,0.0,-3.1226415562873315,-41.76475924104598,77.0
ARGO_PARNAIBAIII_V3::BUSCSB16.001,BUSCSB16.001,-15.230611801147461,62.070884704589844,0.2563629150390625,-3.122641410306283,-41.76467402180741,77.25636291503906
ARGO_PARNAIBAIII_V3::BUSCSB15.001,BUSCSB15.001,-6.146503448486328,62.08647918701172,0.2563629150390625,-3.1226412702193045,-41.764592296860215,77.25636291503906
ARGO_PARNAIBAIII_V3::BUSCSB14.003,BUSCSB14.003,3.557520866394043,62.103126525878906,0.2563629150390625,-3.122641120674399,-41.764504994855,77.25636291503906
ARGO_PARNAIBAIII_V3::BUSCSB14.001,BUSCSB14.001,-0.9992246627807617,62.095314025878906,0.2563629150390625,-3.1226411908549596,-41.764545989498984,77.25636291503906
ARGO_PARNAIBAIII_V3::BUSCSB13.001,BUSCSB13.001,14.790851593017578,62.12238311767578,0.2563629150390625,-3.122640947690283,-41.76440393448399,77.25636291503906
ARGO_PARNAIBAIII_V3::BUSCSB12.001,BUSCSB12.001,-72.74466705322266,-51.73291778564453,-0.4738101363182068,-3.1236637225816173,-41.76519144552651,76.5261898636818
ARGO_PARNAIBAIII_V3::BUSCSB11.001,BUSCSB11.001,-62.73223876953125,-51.715736389160156,-0.4738101363182068,-3.1236635682392127,-41.76510136897292,76.5261898636818
ARGO_PARNAIBAIII_V3::BUSCSB10.001,BUSCSB10.001,-52.724464416503906,-51.69856262207031,-0.4738101363182068,-3.123663413965344,-41.76501133428831,76.5261898636818
ARGO_PARNAIBAIII_V3::BUSCSB1.001,BUSCSB1.001,15.251912117004395,-51.581932067871094,0.2563629150390625,-3.1236623662600422,-41.76439978656484,77.25636291503906
ARGO_PARNAIBAIII_V3::TC6.002,TC6.002,-104.6903305053711,17.95435333251953,-0.08828157186508179,-3.1230377140376167,-41.76547884386627,76.91171842813492
ARGO_PARNAIBAIII_V3::TC5.002,TC5.002,-97.17054748535156,17.96725845336914,-0.08828157186508179,-3.123037598109474,-41.765411192331705,76.91171842813492
ARGO_PARNAIBAIII_V3::TC4.002,TC4.002,-89.81698608398438,17.979873657226562,-0.08828157186508179,-3.123037484785688,-41.76534503620565,76.91171842813492
ARGO_PARNAIBAIII_V3::TC3.002,TC3.002,-104.62903594970703,-17.769672393798828,-0.08828157186508179,-3.123358626952873,-41.765478292431375,76.91171842813492
ARGO_PARNAIBAIII_V3::TC2.002,TC2.002,-97.16822814941406,-17.756868362426758,-0.08828157186508179,-3.123358511932828,-41.76541117146586,76.91171842813492
ARGO_PARNAIBAIII_V3::TC1.002,TC1.002,-89.74166107177734,-17.744125366210938,-0.08828157186508179,-3.123358397461069,-41.765344358546116,76.91171842813492
ARGO_PARNAIBAIII_V3::SECV6.002,SECV6.002,-104.75428771972656,1.6006736755371094,-4.108479976654053,-3.123184620969498,-41.765479419255705,72.89152002334595
ARGO_PARNAIBAIII_V3::SECV5.002,SECV5.002,-97.14521026611328,1.613729476928711,-4.108479976654053,-3.123184503687775,-41.765410964386064,72.89152002334595
ARGO_PARNAIBAIII_V3::SECV4.002,SECV4.002,-89.53614044189453,1.6267852783203125,-4.108479976654053,-3.123184386406052,-41.765342509585054,72.89152002334595
ARGO_PARNAIBAIII_V3::SECV3.002,SECV3.002,-104.64192199707031,-63.88522720336914,-4.108479976654053,-3.1237728881351363,-41.76547840836037,72.89152002334595
ARGO_PARNAIBAIII_V3::SECV2.002,SECV2.002,-97.03284454345703,-63.87216567993164,-4.108479976654053,-3.1237727708020118,-41.765409953490725,72.89152002334595
ARGO_PARNAIBAIII_V3::SECV1.002,SECV1.002,-89.42375946044922,-63.8591194152832,-4.108479976654053,-3.1237726536059585,-41.765341498552445,72.89152002334595
ARGO_PARNAIBAIII_V3::SECH6.002,SECH6.002,-104.84048461914062,24.597332000732422,-4.108479976654053,-3.122978039417888,-41.76548019472389,72.89152002334595
ARGO_PARNAIBAIII_V3::SECH5.002,SECH5.002,-97.26870727539062,24.61032485961914,-4.108479976654053,-3.1229779227015846,-41.76541207542373,72.89152002334595
ARGO_PARNAIBAIII_V3::SECH4.002,SECH4.002,-89.86474609375,24.623023986816406,-4.108479976654053,-3.1229778086239057,-41.76534546587735,72.89152002334595
ARGO_PARNAIBAIII_V3::SECH3.002,SECH3.002,-104.68804931640625,-11.251948356628418,-4.108479976654053,-3.1233000775094917,-41.765478823343614,72.89152002334595
ARGO_PARNAIBAIII_V3::SECH2.002,SECH2.002,-97.11628723144531,-11.238956451416016,-4.108479976654053,-3.1232999608017553,-41.765410704180724,72.89152002334595
ARGO_PARNAIBAIII_V3::SECH1.002,SECH1.002,-89.71232604980469,-11.226251602172852,-4.108479976654053,-3.123299846672675,-41.765344094634344,72.89152002334595
ARGO_PARNAIBAIII_V3::IP6.001,IP6.001,-104.56295013427734,-70.37368774414062,-4.108479976654053,-3.123831174701259,-41.76547769789204,72.89152002334595
ARGO_PARNAIBAIII_V3::IP5.001,IP5.001,-97.04351043701172,-70.36078643798828,-4.108479976654053,-3.123831058807384,-41.76541004944617,72.89152002334595
ARGO_PARNAIBAIII_V3::IP4.001,IP4.001,-89.43572235107422,-70.34772491455078,-4.108479976654053,-3.1238309414742593,-41.765341606176285,72.89152002334595
ARGO_PARNAIBAIII_V3::IP1.002,IP1.002,-2.6859655380249023,-70.1988754272461,0.2563629150390625,-3.123829604342681,-41.76456116421989,77.25636291503906
ARGO_PARNAIBAIII_V3::DISJUNTOR6.002,DISJUNTOR6.002,-104.75823211669922,9.383674621582031,-4.111633777618408,-3.1231147054022497,-41.765479454741374,72.88836622238159
ARGO_PARNAIBAIII_V3::DISJUNTOR5.002,DISJUNTOR5.002,-96.97494506835938,9.397029876708984,-4.111633777618408,-3.1231145854305002,-41.76540943259959,72.88836622238159
ARGO_PARNAIBAIII_V3::DISJUNTOR4.002,DISJUNTOR4.002,-89.73910522460938,9.409446716308594,-4.111633777618408,-3.1231144738886427,-41.765344335552506,72.88836622238159
ARGO_PARNAIBAIII_V3::DISJUNTOR3.002,DISJUNTOR3.002,-104.69886016845703,-25.228044509887695,-4.111633777618408,-3.123425626343064,-41.765478920603165,72.88836622238159
ARGO_PARNAIBAIII_V3::DISJUNTOR2.002,DISJUNTOR2.002,-96.91554260253906,-25.214689254760742,-4.111633777618408,-3.1234255063713148,-41.765408898186834,72.88836622238159
ARGO_PARNAIBAIII_V3::DISJUNTOR1.002,DISJUNTOR1.002,-89.67971801757812,-25.202272415161133,-4.111633777618408,-3.1234253948294572,-41.76534380127703,72.88836622238159
ARGO_PARNAIBAIII_V3::BUSIP9.002,BUSIP9.002,-73.95941925048828,-93.42507934570312,-0.5768956542015076,-3.1240382479280067,-41.76520237401341,76.42310434579849
ARGO_PARNAIBAIII_V3::BUSIP8.002,BUSIP8.002,-108.24259948730469,-101.96031951904297,-0.5768956542015076,-3.124114920944296,-41.76551080176282,76.42310434579849
ARGO_PARNAIBAIII_V3::BUSIP7.002,BUSIP7.002,-97.98998260498047,-101.94271087646484,-0.5768956542015076,-3.124114762763892,-41.76541856435868,76.42310434579849
ARGO_PARNAIBAIII_V3::BUSIP6.002,BUSIP6.002,-88.17310333251953,-101.92586517333984,-0.5768956542015076,-3.1241146114370584,-41.76533024705675,76.42310434579849
ARGO_PARNAIBAIII_V3::BUSIP5.002,BUSIP5.002,-78.01441955566406,-99.85101318359375,-0.5768956542015076,-3.12409597280977,-41.765238854719385,76.42310434579849
ARGO_PARNAIBAIII_V3::BUSIP40.002,BUSIP40.002,-111.28990173339844,78.55311584472656,-4.108479976654053,-3.122493348582063,-41.76553821673912,72.89152002334595
ARGO_PARNAIBAIII_V3::BUSIP4.002,BUSIP4.002,-104.3990249633789,-107.81295013427734,-0.5768956542015076,-3.124167495779144,-41.76547622314345,76.42310434579849
ARGO_PARNAIBAIII_V3::BUSIP39.002,BUSIP39.002,-101.54304504394531,78.56983947753906,-4.108479976654053,-3.1224931983518007,-41.76545052939355,72.89152002334595
ARGO_PARNAIBAIII_V3::BUSIP38.002,BUSIP38.002,-92.32142639160156,78.58564758300781,-4.108479976654053,-3.1224930563458226,-41.76536756733848,72.89152002334595
ARGO_PARNAIBAIII_V3::BUSIP37.002,BUSIP37.002,-82.965087890625,78.60171508789062,-4.108479976654053,-3.1224929120096307,-41.76528339327975,72.89152002334595
ARGO_PARNAIBAIII_V3::BUSIP36.002,BUSIP36.002,-73.0438461303711,78.61874389648438,-0.4738101363182068,-3.1224927590379403,-41.765194137083384,76.5261898636818
ARGO_PARNAIBAIII_V3::BUSIP35.002,BUSIP35.002,-101.52848815917969,70.08086395263672,-4.108479976654053,-3.122569455767583,-41.76545039843291,72.89152002334595
ARGO_PARNAIBAIII_V3::BUSIP34.002,BUSIP34.002,-92.33964538574219,70.09662628173828,-4.108479976654053,-3.1225693141728197,-41.76536773124519,72.89152002334595
ARGO_PARNAIBAIII_V3::BUSIP33.002,BUSIP33.002,-82.95053100585938,70.11273956298828,-4.108479976654053,-3.122569169425413,-41.765283262319116,72.89152002334595
ARGO_PARNAIBAIII_V3::BUSIP32.002,BUSIP32.002,-73.04228210449219,70.154541015625,-0.4738101363182068,-3.122568793918293,-41.76519412301266,76.5261898636818
ARGO_PARNAIBAIII_V3::BUSIP31.002,BUSIP31.002,-111.4472885131836,-35.15627670288086,-4.108479976654053,-3.1235148127623327,-41.76553963266523,72.89152002334595
ARGO_PARNAIBAIII_V3::BUSIP30.002,BUSIP30.002,-106.25582122802734,-35.147369384765625,-4.108479976654053,-3.123514732746899,-41.7654929277633,72.89152002334595
ARGO_PARNAIBAIII_V3::BUSIP3.002,BUSIP3.002,-92.29551696777344,-107.79218292236328,-0.5768956542015076,-3.1241673092249584,-41.76536733424501,76.42310434579849
ARGO_PARNAIBAIII_V3::BUSIP29.002,BUSIP29.002,-101.58196258544922,-35.13934326171875,-4.108479976654053,-3.1235146606473387,-41.76545087951421,72.89152002334595
ARGO_PARNAIBAIII_V3::BUSIP28.002,BUSIP28.002,-97.1571273803711,-35.131752014160156,-4.108479976654053,-3.1235145924543133,-41.76541107159807,72.89152002334595
ARGO_PARNAIBAIII_V3::BUSIP27.002,BUSIP27.002,-92.53594207763672,-35.12382507324219,-4.108479976654053,-3.1235145212457174,-41.76536949722333,72.89152002334595
ARGO_PARNAIBAIII_V3::BUSIP26.002,BUSIP26.002,-88.0361557006836,-35.11610412597656,-4.108479976654053,-3.1235144518875853,-41.765329015010906,72.89152002334595
ARGO_PARNAIBAIII_V3::BUSIP25.002,BUSIP25.002,-82.99663543701172,-35.10745620727539,-4.108479976654053,-3.123514374202365,-41.76528367709644,72.89152002334595
ARGO_PARNAIBAIII_V3::BUSIP24.002,BUSIP24.002,-111.2010269165039,-43.60580062866211,-4.108479976654053,-3.123590715779992,-41.76553741717911,72.89152002334595
ARGO_PARNAIBAIII_V3::BUSIP23.002,BUSIP23.002,-101.69622039794922,-43.589481353759766,-4.108479976654053,-3.1235905691821215,-41.76545190743168,72.89152002334595
ARGO_PARNAIBAIII_V3::BUSIP22.002,BUSIP22.002,-97.10400390625,-43.581600189208984,-4.108479976654053,-3.12359049838474,-41.765410593674105,72.89152002334595
ARGO_PARNAIBAIII_V3::BUSIP21.002,BUSIP21.002,-92.05790710449219,-43.57294845581055,-4.108479976654053,-3.1235904206652516,-41.76536519659399,72.89152002334595
ARGO_PARNAIBAIII_V3::BUSIP20.002,BUSIP20.002,-87.89290618896484,-43.565792083740234,-4.108479976654053,-3.1235903563787617,-41.76532772627036,72.89152002334595
ARGO_PARNAIBAIII_V3::BUSIP2.002,BUSIP2.002,-80.65789794921875,-107.77222442626953,-0.5768956542015076,-3.124167129935558,-41.765262636704776,76.42310434579849
ARGO_PARNAIBAIII_V3::BUSIP19.002,BUSIP19.002,-83.14950561523438,-43.55765914916992,-4.108479976654053,-3.1235902833197016,-41.76528505238907,72.89152002334595
ARGO_PARNAIBAIII_V3::BUSIP18.002,BUSIP18.002,-104.61735534667969,-78.14418029785156,-0.5768956542015076,-3.1239009779042206,-41.765478187347135,76.42310434579849
ARGO_PARNAIBAIII_V3::BUSIP17.002,BUSIP17.002,-96.94744873046875,-78.17124938964844,-0.5768956542015076,-3.1239012210688974,-41.765409185229494,76.42310434579849
ARGO_PARNAIBAIII_V3::BUSIP16.002,BUSIP16.002,-89.39998626708984,-78.18505096435547,-0.5768956542015076,-3.123901345049985,-41.765341284677525,76.42310434579849
ARGO_PARNAIBAIII_V3::BUSIP15.002,BUSIP15.002,-104.60435485839844,-85.71810150146484,-0.5768956542015076,-3.1239690152847777,-41.765478070388575,76.42310434579849
ARGO_PARNAIBAIII_V3::BUSIP14.002,BUSIP14.002,-96.93446350097656,-85.74518585205078,-0.5768956542015076,-3.1239692585865257,-41.76540906840821,76.42310434579849
ARGO_PARNAIBAIII_V3::BUSIP1.002,BUSIP1.002,-73.9384994506836,-105.60491943359375,-0.5768956542015076,-3.1241476607926124,-41.765202185808974,76.42310434579849
ARGO_PARNAIBAIII_V3::BUSIP13.003,BUSIP13.003,-52.551876068115234,-43.42770767211914,-0.4738101363182068,-3.123589115951061,-41.76500978160167,76.5261898636818
ARGO_PARNAIBAIII_V3::BUSIP13.002,BUSIP13.002,-89.3869857788086,-85.75897216796875,-0.5768956542015076,-3.1239693824305426,-41.765341167718965,76.42310434579849
ARGO_PARNAIBAIII_V3::BUSIP12.002,BUSIP12.002,-104.33165740966797,-96.41534423828125,-0.5768956542015076,-3.1240651098116987,-41.76547561707299,76.42310434579849
ARGO_PARNAIBAIII_V3::BUSIP11.002,BUSIP11.002,-96.79205322265625,-96.34721374511719,-0.5768956542015076,-3.124064497787865,-41.765407787217804,76.42310434579849
ARGO_PARNAIBAIII_V3::BUSIP10.002,BUSIP10.002,-85.27996063232422,-96.34063720703125,-0.5768956542015076,-3.1240644387100884,-41.765304218972844,76.42310434579849
ARGO_PARNAIBAIII_V3::BUSCSB8.002,BUSCSB8.002,-92.46336364746094,62.005287170410156,-4.108479976654053,-3.122641999576263,-41.765368844273354,72.89152002334595
ARGO_PARNAIBAIII_V3::BUSCSB7.002,BUSCSB7.002,-83.10136413574219,62.021339416503906,-4.108479976654053,-3.1226418553771427,-41.76528461928549,72.89152002334595
ARGO_PARNAIBAIII_V3::BUSCSB6.002,BUSCSB6.002,-73.22157287597656,62.038307189941406,-0.4738101363182068,-3.1226417029537377,-41.76519573599748,76.5261898636818
ARGO_PARNAIBAIII_V3::BUSCSB5.002,BUSCSB5.002,-111.36444091796875,-51.79918670654297,-4.108479976654053,-3.1236643178827395,-41.76553888732897,72.89152002334595
ARGO_PARNAIBAIII_V3::BUSCSB4.002,BUSCSB4.002,-101.6729736328125,-51.782554626464844,-4.108479976654053,-3.1236641684749054,-41.76545169829276,72.89152002334595
ARGO_PARNAIBAIII_V3::BUSCSB3.002,BUSCSB3.002,-92.66452026367188,-51.76709747314453,-4.108479976654053,-3.12366402962157,-41.765370653973676,72.89152002334595
ARGO_PARNAIBAIII_V3::BUSCSB2.002,BUSCSB2.002,-88.07312774658203,-51.75921630859375,-4.108479976654053,-3.123663958824188,-41.76532934762896,72.89152002334595
ARGO_PARNAIBAIII_V3::BUSCSB1.002,BUSCSB1.002,-83.13300323486328,-51.75074768066406,-4.108479976654053,-3.123663882749557,-41.76528490392583,72.89152002334595
ARGO_PARNAIBAIII_V3::SECV9.001,SECV9.001,-18.019607543945312,1.8411636352539062,0.0,-3.1231824606213148,-41.764699112935894,77.0
ARGO_PARNAIBAIII_V3::SECV8.001,SECV8.001,-10.419916152954102,1.854970932006836,0.0,-3.123182336588825,-41.76463074250772,77.0
ARGO_PARNAIBAIII_V3::SECV7.001,SECV7.001,-2.890591621398926,1.8686504364013672,0.0,-3.1231822137043084,-41.76456300513319,77.0
ARGO_PARNAIBAIII_V3::SECV6.001,SECV6.001,-45.86754608154297,-63.665061950683594,0.0,-3.123770910366068,-41.764949646198836,77.0
ARGO_PARNAIBAIII_V3::SECV5.001,SECV5.001,-38.288124084472656,-63.65130615234375,0.0,-3.1237707867961944,-41.76488145812374,77.0
ARGO_PARNAIBAIII_V3::SECV4.001,SECV4.001,-30.668167114257812,-63.63745880126953,0.0,-3.123770662403892,-41.76481290537681,77.0
ARGO_PARNAIBAIII_V3::SECV3.001,SECV3.001,-17.900691986083984,-63.61426544189453,0.0,-3.1237704540553533,-41.76469804311513,77.0
ARGO_PARNAIBAIII_V3::SECV2.001,SECV2.001,-10.301000595092773,-63.60045623779297,0.0,-3.1237703300057293,-41.76462967268696,77.0
ARGO_PARNAIBAIII_V3::SECV12.001,SECV12.001,-45.98645782470703,1.7903556823730469,0.0,-3.1231829170348333,-41.76495071598527,77.0
ARGO_PARNAIBAIII_V3::SECV11.001,SECV11.001,-38.40704345703125,1.8041248321533203,0.0,-3.123182793345022,-41.76488252797882,77.0
ARGO_PARNAIBAIII_V3::SECV10.001,SECV10.001,-30.787078857421875,1.8179683685302734,0.0,-3.123182668986988,-41.76481397516325,77.0
ARGO_PARNAIBAIII_V3::SECV1.001,SECV1.001,-2.771674156188965,-63.58677673339844,0.0,-3.1237702071212126,-41.76456193529527,77.0
ARGO_PARNAIBAIII_V3::SECH18.001,SECH18.001,-46.036834716796875,25.39685821533203,0.0,-3.122970857184555,-41.76495116919968,77.0
ARGO_PARNAIBAIII_V3::SECH17.001,SECH17.001,-38.50469207763672,25.410552978515625,0.0,-3.122970734162967,-41.76488340647212,77.0
ARGO_PARNAIBAIII_V3::SECH16.001,SECH16.001,-31.073890686035156,25.424041748046875,0.0,-3.122970612991843,-41.76481655545849,77.0
ARGO_PARNAIBAIII_V3::SECH15.001,SECH15.001,-17.968658447265625,25.447860717773438,0.0,-3.122970399023376,-41.76469865457365,77.0
ARGO_PARNAIBAIII_V3::SECH14.001,SECH14.001,-10.345516204833984,25.461700439453125,0.0,-3.1229702746996097,-41.7646300731705,77.0
ARGO_PARNAIBAIII_V3::SECH13.001,SECH13.001,-2.933478355407715,25.475173950195312,0.0,-3.122970153665557,-41.764563390962586,77.0
ARGO_PARNAIBAIII_V3::REATOR811,REATOR811,27.764862060546875,134.96275329589844,0.0,-3.1219866145050674,-41.764287214132445,77.0
ARGO_PARNAIBAIII_V3::IP3.002,IP3.002,-104.46282196044922,-70.38298034667969,-4.493394374847412,-3.123831258177746,-41.765476797091495,72.50660562515259
ARGO_PARNAIBAIII_V3::IP2.002,IP2.002,-96.9239273071289,-70.36929321289062,-4.493394374847412,-3.1238311352246937,-41.765408973619614,72.50660562515259
ARGO_PARNAIBAIII_V3::IP1.001,IP1.001,-2.565114974975586,-70.19786071777344,0.0,-3.1238295952274324,-41.76456007699091,77.0
ARGO_PARNAIBAIII_V3::DISJUNTOR13,DISJUNTOR13,58.597999572753906,52.33546447753906,0.0,-3.122728864674115,-41.76400982460369,77.0
ARGO_PARNAIBAIII_V3::DISJUNTOR12,DISJUNTOR12,43.62664031982422,9.637161254882812,0.0,-3.1231124283034957,-41.76414451405222,77.0
ARGO_PARNAIBAIII_V3::DISJUNTOR11,DISJUNTOR11,51.37908935546875,9.651243209838867,0.0,-3.1231123018037206,-41.76407476934383,77.0
ARGO_PARNAIBAIII_V3::BUSIP47.001,BUSIP47.001,14.898035049438477,79.29432678222656,0.0,-3.1224866902013813,-41.76440297021078,77.0
ARGO_PARNAIBAIII_V3::BUSIP36.x001,BUSIP36.x001,-5.429620742797852,70.28569030761719,0.0,-3.122567615789547,-41.764585847443385,77.0
ARGO_PARNAIBAIII_V3::BUSIP33.001,BUSIP33.001,9.330511093139648,70.65089416503906,0.0,-3.1225643351224845,-41.76445305829688,77.0
ARGO_PARNAIBAIII_V3::BUSIP32.001,BUSIP32.001,14.913719177246094,70.6610107421875,0.0,-3.1225642442441415,-41.764402829108924,77.0
ARGO_PARNAIBAIII_V3::BUSIP3.003,BUSIP3.003,-92.19156646728516,-107.78118896484375,-0.7401484847068787,-3.1241672104650093,-41.76536639905701,76.25985151529312
ARGO_PARNAIBAIII_V3::BUSIP13.001,BUSIP13.001,-52.45616149902344,-43.51821517944336,0.0,-3.1235899289901137,-41.76500892050801,77.0
ARGO_PARNAIBAIII_V3::BUSCSB21.001,BUSCSB21.001,-38.4781494140625,61.94877624511719,0.0,-3.12264250722022,-41.76488316768173,77.0
