timestamp(ms),GPS[0].Spd,ATT.Yaw,IMU[0].GyrZ
0,0.01600000076,60.04,-0.004347933456
100,0.01100000087,60.23,0.01866190694
200,0.01100000087,60.28,0.006071146578
300,0.02200000174,60.3,-0.002943538595
400,0.02200000174,60.35,0.003843063256
500,0.006000000052,60.39,-0.00005922560376
600,0.006000000052,60.42,0.001141077257
700,0.01700000092,60.46,0.0004149060987
800,0.01700000092,60.48,-0.001091594575
900,0.007000000216,60.52,0.0007258120459
1000,0.007000000216,60.57,0.003071645275
1100,0.01100000087,60.61,-0.0007492564037
1200,0.01100000087,60.7,0.003894825466
1300,0.01400000043,60.72,-0.001623977092
1400,0.01400000043,60.74,-0.01033495087
1500,0.01400000043,60.77,-0.004754689522
1600,0.01400000043,60.94,0.01594266482
1700,0.0120000001,61.23,0.04565878585
1800,0.0120000001,60.98,-0.03494058922
1900,0.1850000024,60.06,-0.172373727
2000,0.1850000024,59.94,-0.02903571352
2100,0.2780000269,60.02,-0.001540959463
2200,0.2780000269,59.85,-0.0248195827
2300,0.4750000238,60.03,0.02018718049
2400,0.4750000238,59.73,-0.03866603225
2500,0.5430000424,59.13,-0.1173340157
2600,0.5430000424,59.83,0.09062134475
2700,0.9520000219,61.14,0.2208387852
2800,0.9520000219,62.55,0.2646050751
2900,0.8860000372,62.71,0.03013739549
3000,0.8860000372,63.07,0.04533934593
3100,0.9890000224,63.37,0.08485236019
3200,0.9890000224,62.91,-0.08701653779
3300,0.9240000248,62.27,-0.09353820235
3400,0.9240000248,60.69,-0.2565964162
3500,0.8630000353,58.42,-0.3986074924
3600,0.8630000353,56.9,-0.293641299
3700,1.141000032,57.81,0.1489619762
3800,1.141000032,58.88,0.2022710145
3900,0.201000005,57.77,-0.1185525134
4000,0.201000005,54.68,-0.5387813449
4100,0.7250000238,51.83,-0.5115407705
4200,0.7250000238,49.72,-0.4132370651
4300,1.092000008,49.28,-0.04860113561
4400,1.092000008,46.96,-0.388648212
4500,1.175999999,45.76,-0.2237379998
4600,1.175999999,43.5,-0.3465412557
4700,1.29400003,42.02,-0.2984136343
4800,1.29400003,40.6,-0.2303479761
4900,1.31400001,39.34,-0.2112735063
5000,1.31400001,38.24,-0.1834658533
5100,1.353000045,37.52,-0.1401804686
5200,1.353000045,35.89,-0.2515862882
5300,1.289000034,34.02,-0.3397446871
5400,1.289000034,32.12,-0.3263938129
5500,1.408000112,30.83,-0.2451077998
5600,1.408000112,29.54,-0.2277058512
5700,0.6920000315,28.45,-0.1956404895
5800,0.6920000315,27.69,-0.1728027016
5900,0.4100000262,26.86,-0.1587101221
6000,0.4100000262,27.35,0.06966454536
6100,1.11500001,27.31,-0.002955303062
6200,1.11500001,27.42,0.004242178053
6300,1.140000105,27.44,0.01913054474
6400,1.140000105,26.78,-0.09268940985
6500,1.06400001,25.72,-0.1754838824
6600,1.06400001,25.01,-0.1136795953
6700,1.158000112,25.31,0.03508789092
6800,1.158000112,25.79,0.09485667199
6900,1.184000015,27.37,0.2616229653
7000,1.184000015,28.5,0.2276026905
7100,1.143000007,28.32,0.005586893298
7200,1.143000007,28.5,0.00261466275
7300,0.08200000226,28.46,0.01266852207
7400,0.08200000226,28.26,-0.04073907807
7500,0.9760000706,27.82,-0.07744251937
7600,0.9760000706,27.71,-0.02500509471
7700,1.242000103,27.86,0.01421686262
7800,1.242000103,27.67,-0.02337016352
7900,1.316000104,28.26,0.08104567975
8000,1.316000104,28.39,0.04092793167
8100,1.404000044,27.8,-0.09167599678
8200,1.404000044,26.76,-0.1760383844
8300,1.471000075,26.18,-0.122739993
8400,1.471000075,26.25,0.0286324881
8500,1.539000034,25.77,-0.0855525583
8600,1.539000034,26.35,0.08041419834
8700,1.438000083,26.94,0.1221142039
8800,1.438000083,26.7,-0.04446407035
8900,1.45600009,26.53,-0.03630618006
9000,1.45600009,26.51,-0.006993614603
9100,1.460000038,27.93,0.2226487994
9200,1.460000038,28.18,0.07564271986
9300,1.381000042,27.71,-0.0866420418
9400,1.381000042,26.37,-0.2411758453
9500,1.203000069,26.57,0.006400191225
9600,1.203000069,26.93,0.03605660424
9700,1.311000109,27.65,0.1257042736
9800,1.311000109,27.6,-0.02248571999
9900,1.415000081,27.91,0.02923448384
10000,1.415000081,27.63,-0.06102304161
10100,1.156000018,27.62,-0.0180330947
10200,1.156000018,27.65,-0.0251235012
10300,1.326000094,27.44,-0.03715277463
10400,1.326000094,27.4,-0.0261150375
10500,1.293000102,26.98,-0.08463642746
10600,1.293000102,27.28,0.02561360411
10700,1.428000093,27.5,0.02881661616
10800,1.428000093,28.1,0.09813559055
10900,0.5870000124,28.47,0.02516636439
11000,0.5870000124,28.08,-0.05759840459
11100,0.83100003,27.27,-0.136775896
11200,0.83100003,26.17,-0.197620362
11300,0.905000031,25.4,-0.1618635356
11400,0.905000031,25.08,-0.05908322707
11500,1.367000103,24.69,-0.05392960832
11600,1.367000103,24.5,-0.03519019485
11700,1.414000034,23.98,-0.08047875017
11800,1.414000034,23.51,-0.07951855659
11900,1.436000109,22.97,-0.08742317557
12000,1.436000109,22.49,-0.07383755594
12100,1.299000025,21.98,-0.08282358944
12200,1.299000025,21.47,-0.06819848716
12300,1.258000016,20.69,-0.1271375865
12400,1.258000016,20.24,-0.07443218678
12500,1.184000015,19.9,-0.02541603334
12600,1.184000015,18.98,-0.1651542038
12700,1.390000105,18.39,-0.1164508834
12800,1.390000105,17.49,-0.132717371
12900,0.6810000539,16.78,-0.1190447435
13000,0.6810000539,16.62,-0.01796706766
13100,0.8620000482,17.17,0.07438314706
13200,0.8620000482,18.03,0.1519845724
13300,1.129000068,18.17,0.02848536894
13400,1.129000068,18.6,0.05384139344
13500,1.355000019,18.54,-0.01067293622
13600,1.355000019,18.47,-0.02941153012
13700,1.237000108,18.99,0.07110661268
13800,1.237000108,19.64,0.109073773
13900,1.383000016,20,0.06814298034
14000,1.383000016,20.19,0.01813944802
14100,1.451000094,20.29,0.01036738697
14200,1.451000094,20.55,0.03765877336
14300,1.539000034,20.92,0.06440001726
14400,1.539000034,21.21,0.0502785854
14500,1.953000069,21.41,0.02324867807
14600,1.953000069,22.08,0.08283472806
14700,1.213000059,23.29,0.2266095281
14800,1.213000059,23.48,0.05573738739
14900,0.4240000248,23.72,0.007815498859
15000,0.4240000248,23.82,0.01658762433
15100,0.3650000095,24.2,0.0425394401
15200,0.3650000095,24.06,-0.01631686278
15300,0.9040000439,24.39,0.02545065992
15400,0.9040000439,24.42,-0.004184802063
15500,1.285000086,24.86,0.05632052198
15600,1.285000086,26.2,0.2327328473
15700,1.00999999,27.17,0.1674576253
15800,1.00999999,28.01,0.12367329
15900,1.154000044,28.75,0.1301686317
16000,1.154000044,29.78,0.1938854307
16100,1.148000002,29.74,-0.003124619601
16200,1.148000002,28.88,-0.1458705068
16300,0.3160000145,29.38,0.047745049
16400,0.3160000145,30.65,0.268456161
16500,1.082000017,31.52,0.1439058036
16600,1.082000017,32.03,0.07403410971
16700,0.9540000558,30.55,-0.2600655258
16800,0.9540000558,30.8,0.006663305685
16900,1.275000095,30.63,-0.02239893377
17000,1.275000095,31.48,0.1397408098
17100,1.370000124,31.53,-0.00426264992
17200,1.370000124,32.59,0.1995724589
17300,1.457000017,31.9,-0.1007564142
17400,1.457000017,31.52,-0.08782725036
17500,1.400000095,31.45,-0.01973104104
17600,1.400000095,31.19,-0.05090644583
17700,1.425000072,30.72,-0.07419389486
17800,1.425000072,29.65,-0.1952443719